id,bin,ls_binwise_rt
02012588,1,6.599999994039592
02012588,2,31.30000001192093
02012588,3,-1.100000023841858
02012588,4,7.5
02012588,5,16.29999998211855
02012588,6,13.54999998211855
02hhn3yb,1,0.3500000238418579
02hhn3yb,2,45.199999928474426
02hhn3yb,3,30.400000035762787
02hhn3yb,4,43.50000011920929
02hhn3yb,5,-6
02hhn3yb,6,27.150000035762787
09u7vlj7,1,9.899999856948853
09u7vlj7,2,8.5
09u7vlj7,3,2.399999976158142
09u7vlj7,4,6.699999928474426
09u7vlj7,5,-3.4000000953674316
09u7vlj7,6,13
0jutvml5,1,0.3500000238418579
0jutvml5,2,2.4499999284744263
0jutvml5,3,2.4499998092651367
0jutvml5,4,2.149999976158142
0jutvml5,5,9.850000023841858
0jutvml5,6,18.49999976158142
0ldaeete,1,-19.5
0ldaeete,2,4.5
0ldaeete,3,0
0ldaeete,4,5.5
0ldaeete,5,-4
0ldaeete,6,8
0qlz7yxg,1,4
0qlz7yxg,2,10
0qlz7yxg,3,22
0qlz7yxg,4,5
0qlz7yxg,5,18
0qlz7yxg,6,21.5
0v04fxma,1,1.2499999925494194
0v04fxma,2,3.7500000074505806
0v04fxma,3,4.399999991059303
0v04fxma,4,2.850000001490116
0v04fxma,5,2
0v04fxma,6,6.500000007450637
10gr6k2l,1,2.5
10gr6k2l,2,-13.850000143051147
10gr6k2l,3,4.550000071525574
10gr6k2l,4,6.799999952316284
10gr6k2l,5,-7.950000047683716
10gr6k2l,6,-3.4000000953674316
11qq9hxf,1,-3.399999976158142
11qq9hxf,2,8.949999809265137
11qq9hxf,3,14.25
11qq9hxf,4,20.299999952316284
11qq9hxf,5,-2.9000000953674316
11qq9hxf,6,10.449999928474426
14g6hv8k,1,30
14g6hv8k,2,-20.000000000116415
14g6hv8k,3,15.5
14g6hv8k,4,-11.649999999441206
14g6hv8k,5,35.34999999962747
14g6hv8k,6,-5
16j46xy8,1,8.999999999999943
16j46xy8,2,27.950000047683773
16j46xy8,3,9.599999994039536
16j46xy8,4,3.5
16j46xy8,5,1.0499999821186066
16j46xy8,6,-0.5
1dyyaw4b,1,6.650000095367432
1dyyaw4b,2,19.399999976158142
1dyyaw4b,3,2.9000000953674316
1dyyaw4b,4,1.7000000476837158
1dyyaw4b,5,-2.899999976158142
1dyyaw4b,6,8.549999952316284
1lb7tbr7,1,-16.75
1lb7tbr7,2,21.799999997019768
1lb7tbr7,3,-16
1lb7tbr7,4,7.5
1lb7tbr7,5,-35.44999997317791
1lb7tbr7,6,18.80000001192093
1xqec919,1,-6.949999958276692
1xqec919,2,23.349999994039536
1xqec919,3,15.399999976158199
1xqec919,4,21.000000029802322
1xqec919,5,-0.699999988079071
1xqec919,6,-14
21xapnnh,1,-3.3499999046325684
21xapnnh,2,-24.99999988079071
21xapnnh,3,-3.6000001430511475
21xapnnh,4,2
21xapnnh,5,-11.5
21xapnnh,6,-12
23h7rpbu,1,-16.199999928474426
23h7rpbu,2,13.25
23h7rpbu,3,28.100000023841858
23h7rpbu,4,12.649999976158142
23h7rpbu,5,-3.649999976158142
23h7rpbu,6,13.5
23rjqvom,1,21.75
23rjqvom,2,7.649999618530273
23rjqvom,3,24.049999713897705
23rjqvom,4,23.649999856948853
23rjqvom,5,-14.699999332427979
23rjqvom,6,5.199999809265137
29ehzpe0,1,-3
29ehzpe0,2,7
29ehzpe0,3,10
29ehzpe0,4,4
29ehzpe0,5,-4
29ehzpe0,6,9
29zpbmmy,1,8.550000011920986
29zpbmmy,2,-16.599999964237156
29zpbmmy,3,6.699999988079128
29zpbmmy,4,-4.500000059604645
29zpbmmy,5,9.400000005960464
29zpbmmy,6,4.700000047683716
2davx7nt,1,15.200000047683716
2davx7nt,2,1.199999988079071
2davx7nt,3,-1.149999976158142
2davx7nt,4,-2.8000001311302185
2davx7nt,5,13.100000023841858
2davx7nt,6,-2.5000000596046448
2n6v1k3u,1,19.600000008940697
2n6v1k3u,2,9.899999991059303
2n6v1k3u,3,14.900000005960408
2n6v1k3u,4,14.700000002980232
2n6v1k3u,5,-7.9000000059604645
2n6v1k3u,6,5.700000002980232
2v42ipxy,1,33.65000003576279
2v42ipxy,2,-4.000000029802322
2v42ipxy,3,31.600000023841858
2v42ipxy,4,9.349999994039536
2v42ipxy,5,10.999999985098782
2v42ipxy,6,33.79999999701977
2wl27dkz,1,3.0999999046325684
2wl27dkz,2,12.100000143051147
2wl27dkz,3,25.449999928474426
2wl27dkz,4,2.5500000715255737
2wl27dkz,5,-0.8500000238418579
2wl27dkz,6,7.049999952316284
2xn0szh6,1,16.699999999254942
2xn0szh6,2,-9.799999997019768
2xn0szh6,3,25.00000000372529
2xn0szh6,4,5.199999995529652
2xn0szh6,5,24
2xn0szh6,6,-21.550000000745058
2z10bv6a,1,-9.900000214576721
2z10bv6a,2,-1.249999761581421
2z10bv6a,3,31.200000047683716
2z10bv6a,4,12.450000047683716
2z10bv6a,5,-4.200000166893005
2z10bv6a,6,12.75
2zbxslpn,1,9.75
2zbxslpn,2,1.7999999523162842
2zbxslpn,3,15.750000238418579
2zbxslpn,4,4.449999809265137
2zbxslpn,5,-0.25
2zbxslpn,6,6.949999928474426
30a1bp8j,1,-1.4500001668930054
30a1bp8j,2,8.5
30a1bp8j,3,15.850000143051147
30a1bp8j,4,-11.99999988079071
30a1bp8j,5,1.350000023841858
30a1bp8j,6,-1.4000000953674316
321yl4lz,1,28.30000001192093
321yl4lz,2,16.549999982118607
321yl4lz,3,0.8999999761581421
321yl4lz,4,28.0000000596047
321yl4lz,5,8.29999998211855
321yl4lz,6,-3.900000035762787
36eh4u39,1,-10.399999618530273
36eh4u39,2,3.299999952316284
36eh4u39,3,-4.900000095367432
36eh4u39,4,0.7999999523162842
36eh4u39,5,16.34999990463257
36eh4u39,6,4.8999998569488525
38k6v81o,1,5.3500001430511475
38k6v81o,2,-23.100000143051147
38k6v81o,3,4.299999952316284
38k6v81o,4,-3.6999999284744263
38k6v81o,5,10.300000071525574
38k6v81o,6,25.100000143051147
3942ithx,1,18.799999982118607
3942ithx,2,-7.999999970197678
3942ithx,3,21.60000002384197
3942ithx,4,-5.349999994039479
3942ithx,5,3.7000000178813934
3942ithx,6,18.599999994039536
3c48ijq4,1,8.900000035762787
3c48ijq4,2,-10.049999982118607
3c48ijq4,3,3.4000000357628437
3c48ijq4,4,5.350000023841858
3c48ijq4,5,-8
3c48ijq4,6,10.299999982118607
3o6c5jme,1,-4.999999940395355
3o6c5jme,2,11.700000047683716
3o6c5jme,3,7.199999988079071
3o6c5jme,4,6.300000011920929
3o6c5jme,5,4.100000023841858
3o6c5jme,6,2.650000035762787
3z7js7ze,1,2.099999964237213
3z7js7ze,2,-11.999999940395355
3z7js7ze,3,13.600000143051147
3z7js7ze,4,10.700000047683716
3z7js7ze,5,-2.600000023841858
3z7js7ze,6,-8.899999976158142
4c4vv6fg,1,6.049999952316284
4c4vv6fg,2,2.649999976158142
4c4vv6fg,3,0.9500000476837158
4c4vv6fg,4,4.199999928474426
4c4vv6fg,5,-7.050000011920929
4c4vv6fg,6,-24.05000001192093
4iu45lp8,1,-4.650000000023283
4iu45lp8,2,-0.6000000000931323
4iu45lp8,3,-2.6500000001396984
4iu45lp8,4,1.2000000001862645
4iu45lp8,5,-6.050000000279397
4iu45lp8,6,3.1999999997205464
4j2ynmmd,1,8.899999999441206
4j2ynmmd,2,-0.9499999992548283
4j2ynmmd,3,7.2999999998137355
4j2ynmmd,4,8.299999999813679
4j2ynmmd,5,5.2000000001862645
4j2ynmmd,6,5.1499999994412065
4lce564k,1,-22.150000005960464
4lce564k,2,-5.5
4lce564k,3,16.150000005960464
4lce564k,4,11.399999998509884
4lce564k,5,-5.649999998509884
4lce564k,6,10.150000013411045
4oenuj4z,1,7
4oenuj4z,2,-7.5
4oenuj4z,3,13
4oenuj4z,4,4
4oenuj4z,5,2
4oenuj4z,6,13.5
4osyobtp,1,-14.799999952316284
4osyobtp,2,18.5
4osyobtp,3,0.35000014305114746
4osyobtp,4,4.449999928474426
4osyobtp,5,9.200000047683716
4osyobtp,6,14.849999785423279
4tjawqeo,1,2.1999998092651367
4tjawqeo,2,27.600000381469727
4tjawqeo,3,-8.850000143051147
4tjawqeo,4,9.400000095367432
4tjawqeo,5,-5.3500001430511475
4tjawqeo,6,10.199999809265137
4uzthrsp,1,6.5
4uzthrsp,2,-21.5
4uzthrsp,3,4.5
4uzthrsp,4,2.5
4uzthrsp,5,-2
4uzthrsp,6,9.5
5aqq8r6w,1,-6.099999904632568
5aqq8r6w,2,1.6500000953674316
5aqq8r6w,3,-7.299999833106995
5aqq8r6w,4,12.100000143051147
5aqq8r6w,5,-0.20000004768371582
5aqq8r6w,6,7.600000023841858
5ckvwhwy,1,4.5
5ckvwhwy,2,10.300000011920986
5ckvwhwy,3,-13.79999998211855
5ckvwhwy,4,7.750000014901161
5ckvwhwy,5,-12.599999994039536
5ckvwhwy,6,10.200000002980232
5g9je77m,1,-3.350000001490116
5g9je77m,2,7.949999995529652
5g9je77m,3,11
5g9je77m,4,-3.850000001490116
5g9je77m,5,12.400000005960464
5g9je77m,6,-9.199999995529652
5l6mnknj,1,7.000000000931379
5l6mnknj,2,-6.799999998882356
5l6mnknj,3,-29.59999999962747
5l6mnknj,4,-2.1000000005587935
5l6mnknj,5,3.400000000372586
5l6mnknj,6,3.449999999254942
5tqven48,1,10.5
5tqven48,2,15.5
5tqven48,3,34.90000003576279
5tqven48,4,3.5000000596046448
5tqven48,5,0.4500001072883606
5tqven48,6,1.4499999284744263
5un6y0nb,1,12
5un6y0nb,2,28.5
5un6y0nb,3,34
5un6y0nb,4,20
5un6y0nb,5,1
5un6y0nb,6,17
5vluzm8n,1,5.950000002980232
5vluzm8n,2,-19.800000011920986
5vluzm8n,3,12.5
5vluzm8n,4,4.299999997019768
5vluzm8n,5,-12.599999994039536
5vluzm8n,6,-6.699999988079071
62pu08b1,1,-9.5
62pu08b1,2,15
62pu08b1,3,-5
62pu08b1,4,-9
62pu08b1,5,-10.5
62pu08b1,6,7
63xil5ki,1,11.849999964237213
63xil5ki,2,-3.7499998807907104
63xil5ki,3,14.199999928474426
63xil5ki,4,23.94999998807907
63xil5ki,5,-12.999999940395355
63xil5ki,6,4.850000023841858
66jz8ugt,1,20.399999976158142
66jz8ugt,2,33.200000047683716
66jz8ugt,3,13.399999916553497
66jz8ugt,4,13.75
66jz8ugt,5,6.549999952316284
66jz8ugt,6,9.399999976158142
6f2ol425,1,2.850000023841858
6f2ol425,2,-6.950000107288361
6f2ol425,3,31.200000047683716
6f2ol425,4,6
6f2ol425,5,7.150000035762787
6f2ol425,6,0.15000003576278687
6gwztzbq,1,-0.7999999970197678
6gwztzbq,2,19.00000001490116
6gwztzbq,3,4.499999992549419
6gwztzbq,4,23.50000001490116
6gwztzbq,5,4.4000000059604645
6gwztzbq,6,17.00000000745058
6jpt0age,1,27.75
6jpt0age,2,16.30000001192093
6jpt0age,3,-0.6999999284744263
6jpt0age,4,4.949999988079071
6jpt0age,5,-8.500000059604645
6jpt0age,6,13.300000071525574
6ui53ym6,1,-7.199999988079071
6ui53ym6,2,-17.24999998509884
6ui53ym6,3,12.400000005960464
6ui53ym6,4,24.00000001490116
6ui53ym6,5,-9.150000005960464
6ui53ym6,6,39.29999998211855
7cwp4v6n,1,12
7cwp4v6n,2,6
7cwp4v6n,3,14
7cwp4v6n,4,20.5
7cwp4v6n,5,3
7cwp4v6n,6,7.5
7e2tmpa6,1,-7.300000000745001
7e2tmpa6,2,-33.650000000372586
7e2tmpa6,3,15.099999999627528
7e2tmpa6,4,8.699999999254942
7e2tmpa6,5,-8.100000001490116
7e2tmpa6,6,10.549999998882413
7etrw5nu,1,-4.5
7etrw5nu,2,-5.300000004470348
7etrw5nu,3,5.800000000745058
7etrw5nu,4,-0.2499999962747097
7etrw5nu,5,0
7etrw5nu,6,-0.14999999478459358
7qw1xhrh,1,-20.699999928474426
7qw1xhrh,2,8.800000071525574
7qw1xhrh,3,7.650000095367432
7qw1xhrh,4,-5.099999904632568
7qw1xhrh,5,7
7qw1xhrh,6,5.4999998807907104
81bqimnf,1,8.200000166893005
81bqimnf,2,8.5
81bqimnf,3,23.100000143051147
81bqimnf,4,8.25
81bqimnf,5,-7.349999785423279
81bqimnf,6,19.65000009536743
81db02fc,1,11
81db02fc,2,21.49999988079071
81db02fc,3,1.0999999046325684
81db02fc,4,22.449999928474426
81db02fc,5,-10.149999856948853
81db02fc,6,31.200000047683716
8c1fhpt1,1,-38.5
8c1fhpt1,2,24
8c1fhpt1,3,6.5
8c1fhpt1,4,-3
8c1fhpt1,5,-5
8c1fhpt1,6,23
8cav5z8q,1,-11.650000005960464
8cav5z8q,2,-41.249999940395355
8cav5z8q,3,6.700000047683716
8cav5z8q,4,3.600000023841858
8cav5z8q,5,-34.400000005960464
8cav5z8q,6,9.04999998211855
8vxgrgkb,1,-1.3500000834465027
8vxgrgkb,2,-9.399999976158142
8vxgrgkb,3,16.75
8vxgrgkb,4,13.149999976158142
8vxgrgkb,5,-2.2500000596046448
8vxgrgkb,6,-1.6499999165534973
8xlm91xr,1,-7.149999976158142
8xlm91xr,2,-7.550000190734863
8xlm91xr,3,22.699999809265137
8xlm91xr,4,3.9499999284744263
8xlm91xr,5,1.1000001430511475
8xlm91xr,6,7.150000214576721
91e0xbu5,1,5.199999928474426
91e0xbu5,2,16.300000071525574
91e0xbu5,3,15.5
91e0xbu5,4,9.350000023841858
91e0xbu5,5,-10.600000023841858
91e0xbu5,6,15
934tcrxh,1,15
934tcrxh,2,-13.799999833106995
934tcrxh,3,-8.450000166893005
934tcrxh,4,-7.550000071525574
934tcrxh,5,0.6500000953674316
934tcrxh,6,9.75
95qq6nys,1,-0.30000007152557373
95qq6nys,2,-0.19999998807907104
95qq6nys,3,15.399999976158142
95qq6nys,4,15.199999988079071
95qq6nys,5,0.3999999165534973
95qq6nys,6,15.650000035762787
98n9czmc,1,7.500000238418579
98n9czmc,2,2.9000000953674316
98n9czmc,3,12.700000166893005
98n9czmc,4,3.4000000953674316
98n9czmc,5,1.149999976158142
98n9czmc,6,15.099999904632568
99rxav54,1,7.649999976158142
99rxav54,2,6.299999952316284
99rxav54,3,16.750000059604645
99rxav54,4,14
99rxav54,5,-0.5
99rxav54,6,6.149999976158142
9d4b8u7f,1,9.699999928474426
9d4b8u7f,2,-16
9d4b8u7f,3,8.749999761581421
9d4b8u7f,4,12.750000238418579
9d4b8u7f,5,0.10000002384185791
9d4b8u7f,6,18
9dptpzrf,1,-19.19999998807907
9dptpzrf,2,-0.8499999940395355
9dptpzrf,3,3.800000011920929
9dptpzrf,4,10.949999988079071
9dptpzrf,5,-1.5000000000000568
9dptpzrf,6,-3.6500000357628437
9e1r9mu0,1,22.5
9e1r9mu0,2,5
9e1r9mu0,3,0
9e1r9mu0,4,-5.5
9e1r9mu0,5,-9
9e1r9mu0,6,6
9e9jgfep,1,11.29999999993015
9e9jgfep,2,20.95000000006985
9e9jgfep,3,16.09999999962747
9e9jgfep,4,1.1999999997206032
9e9jgfep,5,-7.250000000465661
9e9jgfep,6,15.600000000093132
9eprutwa,1,11.449999999254942
9eprutwa,2,5.200000002980232
9eprutwa,3,10
9eprutwa,4,13.900000000372529
9eprutwa,5,-6.350000001490116
9eprutwa,6,11.300000000745058
9eybg7ux,1,22.90000009536743
9eybg7ux,2,4.5
9eybg7ux,3,26.59999990463257
9eybg7ux,4,5.150000035762787
9eybg7ux,5,14.25
9eybg7ux,6,26.650000035762787
9owrldau,1,6.399999999906868
9owrldau,2,-0.10000000009313226
9owrldau,3,7.200000000069849
9owrldau,4,7.7999999998137355
9owrldau,5,-1.849999999627471
9owrldau,6,6.750000000465661
9qygdnaf,1,-26
9qygdnaf,2,-14
9qygdnaf,3,9.5
9qygdnaf,4,-3
9qygdnaf,5,9
9qygdnaf,6,-4
9s5fp6s6,1,-10.700000002980232
9s5fp6s6,2,11.650000005960464
9s5fp6s6,3,2.2999999821185497
9s5fp6s6,4,29.649999991059303
9s5fp6s6,5,-17.399999991059246
9s5fp6s6,6,7.749999985098839
9ypnxdh1,1,7.399999976158142
9ypnxdh1,2,-0.6000000238418579
9ypnxdh1,3,12.399999976158142
9ypnxdh1,4,3.75
9ypnxdh1,5,9.200000047683716
9ypnxdh1,6,13.850000023841858
a2lhxhxk,1,-10.449999809265137
a2lhxhxk,2,-3.4000000953674316
a2lhxhxk,3,19.15000009536743
a2lhxhxk,4,2.8500003814697266
a2lhxhxk,5,12.450000047683716
a2lhxhxk,6,17.299999952316284
a9n5v3d1,1,-12.150000005960464
a9n5v3d1,2,2.75
a9n5v3d1,3,11.5
a9n5v3d1,4,18.200000047683716
a9n5v3d1,5,-16.049999952316284
a9n5v3d1,6,10.900000035762787
acyrm6vi,1,7.550000071525574
acyrm6vi,2,-3.7500001192092896
acyrm6vi,3,4.349999904632568
acyrm6vi,4,17.600000143051147
acyrm6vi,5,5.4999998807907104
acyrm6vi,6,12.5
adx0ufr2,1,5
adx0ufr2,2,9
adx0ufr2,3,0
adx0ufr2,4,20
adx0ufr2,5,-4.5
adx0ufr2,6,22
ahrykldn,1,5.149999976158142
ahrykldn,2,2.0000001192092896
ahrykldn,3,5.4999998807907104
ahrykldn,4,0.20000004768371582
ahrykldn,5,13.200000047683716
ahrykldn,6,1.449999988079071
ajw8rmzy,1,-1.7000000476837158
ajw8rmzy,2,20.350000023841858
ajw8rmzy,3,1.7999999523162842
ajw8rmzy,4,-9.949999928474426
ajw8rmzy,5,14.24999988079071
ajw8rmzy,6,7.200000047683716
au3z690l,1,-1.199999999254942
au3z690l,2,2.199999999254942
au3z690l,3,3.349999997764826
au3z690l,4,-0.10000000521540642
au3z690l,5,3.7000000029802322
au3z690l,6,12.700000002980232
awz14fq9,1,-18.25
awz14fq9,2,-1.8000000715255737
awz14fq9,3,-2.3999998569488525
awz14fq9,4,16.450000047683716
awz14fq9,5,-19.15000009536743
awz14fq9,6,-2.200000047683716
bd6v7ia1,1,-31.59999966621399
bd6v7ia1,2,-25.299999952316284
bd6v7ia1,3,-16.950000286102295
bd6v7ia1,4,9.300000190734863
bd6v7ia1,5,-37.09999990463257
bd6v7ia1,6,1.3499996662139893
bh4nuak1,1,3.9000000001396984
bh4nuak1,2,-3.3000000001629815
bh4nuak1,3,7.900000000139698
bh4nuak1,4,-5.050000000046566
bh4nuak1,5,1
bh4nuak1,6,12.350000000093132
bla7r2es,1,-19.65000033378601
bla7r2es,2,1.1999998092651367
bla7r2es,3,5.650000333786011
bla7r2es,4,7.650000095367432
bla7r2es,5,-0.7000000476837158
bla7r2es,6,-9.400000095367432
bx2hkvzu,1,11.600000023841858
bx2hkvzu,2,-6.0999999940395355
bx2hkvzu,3,11.199999988079071
bx2hkvzu,4,24.80000004172325
bx2hkvzu,5,-3.100000023841858
bx2hkvzu,6,22.099999994039536
byga4vql,1,-15.099999964237213
byga4vql,2,-13.600000023841858
byga4vql,3,44.700000047683716
byga4vql,4,6.899999976158142
byga4vql,5,0.9999999403953552
byga4vql,6,-0.3500000238418579
c8cu3c3m,1,21
c8cu3c3m,2,9
c8cu3c3m,3,7
c8cu3c3m,4,9.5
c8cu3c3m,5,-0.5
c8cu3c3m,6,-7
cjz75i22,1,6.100000023841858
cjz75i22,2,15.800000190734863
cjz75i22,3,26.199999928474426
cjz75i22,4,-12.350000023841858
cjz75i22,5,-8.700000047683716
cjz75i22,6,-16.200000047683716
cqohls3i,1,19.200000047683716
cqohls3i,2,-9.300000190734863
cqohls3i,3,-21.799999952316284
cqohls3i,4,-4.999999761581421
cqohls3i,5,-3.799999952316284
cqohls3i,6,-1.8499999046325684
cw1o9bs1,1,11.199999999953434
cw1o9bs1,2,20.650000000256114
cw1o9bs1,3,20.299999999580905
cw1o9bs1,4,15.049999999813735
cw1o9bs1,5,-18.84999999962747
cw1o9bs1,6,7.200000000651926
d0ik7z9x,1,-16
d0ik7z9x,2,16.850000001490116
d0ik7z9x,3,2.0999999940395355
d0ik7z9x,4,8.799999993294477
d0ik7z9x,5,-15.75
d0ik7z9x,6,8.399999998509884
d2m1zo7g,1,52.60000002384186
d2m1zo7g,2,10.099999964237213
d2m1zo7g,3,-10.649999976158142
d2m1zo7g,4,21.200000047683716
d2m1zo7g,5,-4.200000047683716
d2m1zo7g,6,12.800000190734863
d3omyepd,1,-35.550000071525574
d3omyepd,2,7.949999928474426
d3omyepd,3,-0.6000000238418579
d3omyepd,4,-3.9000000953674316
d3omyepd,5,0.8500001430511475
d3omyepd,6,9.400000095367432
d6it3y3p,1,14.75
d6it3y3p,2,-9.849999904632568
d6it3y3p,3,-3.7499999403953552
d6it3y3p,4,16.09999990463257
d6it3y3p,5,6.699999988079071
d6it3y3p,6,10.900000035762787
decnc028,1,0.19999998807907104
decnc028,2,-6.750000014901161
decnc028,3,24.200000017881393
decnc028,4,0.9000000059604645
decnc028,5,0.3499999940395355
decnc028,6,-3.9500000029802322
diqhmi3m,1,7.299999952316284
diqhmi3m,2,4.450000166893005
diqhmi3m,3,7.0000001192092896
diqhmi3m,4,15
diqhmi3m,5,-6.6000001430511475
diqhmi3m,6,-11.399999856948853
dkzozr6c,1,9
dkzozr6c,2,35
dkzozr6c,3,-0.5
dkzozr6c,4,3
dkzozr6c,5,-29
dkzozr6c,6,-7
dmsi5tdj,1,-6.800000000745058
dmsi5tdj,2,3.199999999254942
dmsi5tdj,3,37.299999999813735
dmsi5tdj,4,4.899999998509884
dmsi5tdj,5,-15.94999999832362
dmsi5tdj,6,9.5
dnoe2hz9,1,16.799999952316284
dnoe2hz9,2,-9.749999940395355
dnoe2hz9,3,24.299999833106995
dnoe2hz9,4,4.650000035762787
dnoe2hz9,5,8.799999952316284
dnoe2hz9,6,11.550000011920929
dq82faf2,1,-28.399999991059303
dq82faf2,2,-28.899999998509884
dq82faf2,3,15.899999994784594
dq82faf2,4,-6.3499999940395355
dq82faf2,5,2.050000000745058
dq82faf2,6,1.25
dr4gkvot,1,21.749999985098782
dr4gkvot,2,11.200000002980232
dr4gkvot,3,15.449999995529652
dr4gkvot,4,15.850000001490116
dr4gkvot,5,1.2999999895691872
dr4gkvot,6,10.899999998509884
ds5uz2d5,1,24.10000002384197
ds5uz2d5,2,48.999999940395355
ds5uz2d5,3,20.300000011920872
ds5uz2d5,4,4
ds5uz2d5,5,-11.149999976158142
ds5uz2d5,6,-3.5
dyyp50j9,1,-16
dyyp50j9,2,8.5
dyyp50j9,3,5
dyyp50j9,4,14
dyyp50j9,5,-35
dyyp50j9,6,12
e9v1bzuc,1,-21.800000011920872
e9v1bzuc,2,25
e9v1bzuc,3,15.449999958276749
e9v1bzuc,4,10.199999988079128
e9v1bzuc,5,14.450000017881393
e9v1bzuc,6,-0.75
eegst1da,1,-11.400000095367432
eegst1da,2,-12.499999761581421
eegst1da,3,-6.200000047683716
eegst1da,4,11.299999952316284
eegst1da,5,-10.199999809265137
eegst1da,6,0.2999999523162842
efi3fjue,1,10.799999952316284
efi3fjue,2,12.5
efi3fjue,3,6.5000001192092896
efi3fjue,4,16.05000001192093
efi3fjue,5,-12.5
efi3fjue,6,16.09999990463257
ej4up0rn,1,-7.199999988079071
ej4up0rn,2,-20.59999999403948
ej4up0rn,3,1.9500000029802322
ej4up0rn,4,16.700000002980232
ej4up0rn,5,-10.800000004470348
ej4up0rn,6,23.950000010430813
ejv5piey,1,9.799999952316284
ejv5piey,2,0
ejv5piey,3,8.75000011920929
ejv5piey,4,-11.799999952316284
ejv5piey,5,3.9499999284744263
ejv5piey,6,2.75
ektwqxeh,1,15.5
ektwqxeh,2,19.499999940395355
ektwqxeh,3,-4.600000023841858
ektwqxeh,4,0.6000000238418579
ektwqxeh,5,2.1000001430511475
ektwqxeh,6,12.049999833106995
em7v17uu,1,-2.850000001490116
em7v17uu,2,36.29999999701977
em7v17uu,3,-3.100000001490116
em7v17uu,4,15.599999994039536
em7v17uu,5,17.099999994039536
em7v17uu,6,2.8000000044703484
enhoisyi,1,37
enhoisyi,2,0
enhoisyi,3,-14
enhoisyi,4,38
enhoisyi,5,-11
enhoisyi,6,38
eogyi8j4,1,-2.199999988079071
eogyi8j4,2,1.949999988079071
eogyi8j4,3,4.5
eogyi8j4,4,6.799999997019768
eogyi8j4,5,9.949999988079071
eogyi8j4,6,3.849999964237213
f3jt6ahq,1,12.949999999953434
f3jt6ahq,2,-8.25000000023283
f3jt6ahq,3,-5.649999999906868
f3jt6ahq,4,7.649999999906868
f3jt6ahq,5,-3.1000000005587935
f3jt6ahq,6,11.100000000558794
f6k7yhh9,1,-10.799999952316284
f6k7yhh9,2,-13.100000023841858
f6k7yhh9,3,-24.90000009536743
f6k7yhh9,4,13.400000095367432
f6k7yhh9,5,14.400000095367432
f6k7yhh9,6,-1.149999976158142
fdlbs3x7,1,2.1000000089406967
fdlbs3x7,2,-2.80000002682209
fdlbs3x7,3,4.5
fdlbs3x7,4,6.300000011920929
fdlbs3x7,5,3.899999976158142
fdlbs3x7,6,-0.8999999910593033
fhwg4lyo,1,0.24999999994179234
fhwg4lyo,2,14.79999999993015
fhwg4lyo,3,7.8000000001629815
fhwg4lyo,4,-1.0500000002793968
fhwg4lyo,5,-2.2499999990686774
fhwg4lyo,6,7.899999998975545
fnqg33tk,1,-1.2499999962747097
fnqg33tk,2,-0.10000000149011612
fnqg33tk,3,3.8000000044703484
fnqg33tk,4,15.450000002980232
fnqg33tk,5,4.600000001490116
fnqg33tk,6,15.799999997019768
fo2t0ykg,1,30.149999856948853
fo2t0ykg,2,20.00000011920929
fo2t0ykg,3,4.7500001192092896
fo2t0ykg,4,25.649999976158142
fo2t0ykg,5,-17
fo2t0ykg,6,11.949999809265137
foy52cb4,1,16.450000047683716
foy52cb4,2,7.450000047683716
foy52cb4,3,15.25
foy52cb4,4,-6.7499998807907104
foy52cb4,5,-13.350000023841858
foy52cb4,6,3.200000047683716
ftd9rnvm,1,9.100000143051147
ftd9rnvm,2,7.250000059604645
ftd9rnvm,3,3.599999964237213
ftd9rnvm,4,0.10000002384185791
ftd9rnvm,5,2.8999998569488525
ftd9rnvm,6,19.599999964237213
g59wh51e,1,-14.349999964237213
g59wh51e,2,17.5
g59wh51e,3,8.000000059604645
g59wh51e,4,5.549999892711639
g59wh51e,5,-12
g59wh51e,6,16.399999976158142
g6fwz6fr,1,8.5
g6fwz6fr,2,9.5
g6fwz6fr,3,7
g6fwz6fr,4,3
g6fwz6fr,5,0.5
g6fwz6fr,6,-2
g6u6toqw,1,14.049999982118607
g6u6toqw,2,-9.250000029802322
g6u6toqw,3,5.100000023841858
g6u6toqw,4,11.650000005960464
g6u6toqw,5,-15.099999994039536
g6u6toqw,6,19.450000017881393
g79gm5hl,1,-9.450000017881393
g79gm5hl,2,30.350000023841858
g79gm5hl,3,20.19999998807907
g79gm5hl,4,10.100000008940697
g79gm5hl,5,-1.5
g79gm5hl,6,16.299999997019768
ga9uahma,1,-46.200000047683716
ga9uahma,2,3.6000001430511475
ga9uahma,3,39.89999997615814
ga9uahma,4,14.950000047683716
ga9uahma,5,23.550000071525574
ga9uahma,6,-13.600000143051147
ggyyoznf,1,5.099999964237213
ggyyoznf,2,2.25
ggyyoznf,3,6.899999976158142
ggyyoznf,4,0.14999999105930328
ggyyoznf,5,4.5
ggyyoznf,6,7.949999988079071
ghfmfp6u,1,7.100000023841858
ghfmfp6u,2,14.599999904632568
ghfmfp6u,3,7.299999952316284
ghfmfp6u,4,35.60000002384186
ghfmfp6u,5,-0.5499998331069946
ghfmfp6u,6,22.399999856948853
gmohu013,1,-26.600000381469727
gmohu013,2,27.09999942779541
gmohu013,3,-2.450000286102295
gmohu013,4,1.6999998092651367
gmohu013,5,4.5
gmohu013,6,5.149999141693115
gszsrlmk,1,9.699999928474426
gszsrlmk,2,1.25
gszsrlmk,3,-5.350000023841858
gszsrlmk,4,11
gszsrlmk,5,9.400000035762787
gszsrlmk,6,11.849999964237213
h2fr0kzy,1,-0.20000000298023224
h2fr0kzy,2,-5.6500000059604645
h2fr0kzy,3,7.850000001490116
h2fr0kzy,4,-5.049999997019768
h2fr0kzy,5,9.649999998509884
h2fr0kzy,6,3.5999999940395355
h46neot4,1,3.399999998509884
h46neot4,2,-4.250000007450581
h46neot4,3,4.100000001490116
h46neot4,4,6.9000000059604645
h46neot4,5,7
h46neot4,6,23.899999998509884
h6f38bwq,1,29.949999809265137
h6f38bwq,2,-3.700000286102295
h6f38bwq,3,-7.700000047683716
h6f38bwq,4,18.09999966621399
h6f38bwq,5,-10.550000190734863
h6f38bwq,6,8.549999952316284
haqli8xf,1,2.5
haqli8xf,2,12
haqli8xf,3,3.9000000953674316
haqli8xf,4,-1.0000001192092896
haqli8xf,5,-3.8500001430511475
haqli8xf,6,6.3999998569488525
hdbjnl2c,1,6.499999940395355
hdbjnl2c,2,23.04999989271164
hdbjnl2c,3,5.899999976158142
hdbjnl2c,4,10.49999988079071
hdbjnl2c,5,-8.550000011920929
hdbjnl2c,6,15.749999940395355
he7sr8mk,1,-0.09999990463256836
he7sr8mk,2,10.300000190734863
he7sr8mk,3,1.149999976158142
he7sr8mk,4,4.850000023841858
he7sr8mk,5,0.9000000953674316
he7sr8mk,6,10.050000071525574
hegg4ro3,1,-0.800000011920929
hegg4ro3,2,16.649999916553497
hegg4ro3,3,1.9000000357627869
hegg4ro3,4,15.750000059604645
hegg4ro3,5,-3.0500001311302185
hegg4ro3,6,10.700000047683716
hgkrglvb,1,1.5
hgkrglvb,2,4
hgkrglvb,3,10
hgkrglvb,4,1.5
hgkrglvb,5,3
hgkrglvb,6,-1.5
hgvrtubi,1,17.649999998509884
hgvrtubi,2,-11.700000006705523
hgvrtubi,3,16.600000008940697
hgvrtubi,4,7.4000000059604645
hgvrtubi,5,18.100000001490116
hgvrtubi,6,7.5999999940395355
hi6zokfx,1,16.200000047683716
hi6zokfx,2,21.09999990463257
hi6zokfx,3,23.200000047683716
hi6zokfx,4,25.84999990463257
hi6zokfx,5,7.2499998807907104
hi6zokfx,6,12.700000047683716
hifa1lt0,1,18.5
hifa1lt0,2,-4
hifa1lt0,3,11
hifa1lt0,4,4
hifa1lt0,5,29
hifa1lt0,6,-4.5
hiz600nj,1,11.100000008940697
hiz600nj,2,11.050000004470348
hiz600nj,3,11.799999982118607
hiz600nj,4,17.899999998509884
hiz600nj,5,-18.400000005960464
hiz600nj,6,14.599999994039536
hprh5n1p,1,-4.349999904632568
hprh5n1p,2,-18.800000071525574
hprh5n1p,3,-0.6999998092651367
hprh5n1p,4,-0.6999999284744263
hprh5n1p,5,-15.450000047683716
hprh5n1p,6,21.600000143051147
hy7g3uyh,1,-16.949999999254942
hy7g3uyh,2,26.25
hy7g3uyh,3,12.449999999254942
hy7g3uyh,4,17.150000002235174
hy7g3uyh,5,-11
hy7g3uyh,6,12.900000002235174
hz8tf3vd,1,-5.700000001117587
hz8tf3vd,2,8.950000001117587
hz8tf3vd,3,-4.849999999627471
hz8tf3vd,4,8.049999997019768
hz8tf3vd,5,5.699999995529652
hz8tf3vd,6,2.75
i0g6t95m,1,19.950000000186265
i0g6t95m,2,9.849999999627471
i0g6t95m,3,24.450000001117644
i0g6t95m,4,10.100000001490116
i0g6t95m,5,11.500000001862645
i0g6t95m,6,8.799999998882413
i7buva8v,1,-50.699999928474426
i7buva8v,2,-14.899999976158142
i7buva8v,3,-5.599999785423279
i7buva8v,4,11.050000071525574
i7buva8v,5,-23.25000011920929
i7buva8v,6,-18.59999990463257
i8qv8im9,1,20.399999976158142
i8qv8im9,2,12.550000011920929
i8qv8im9,3,-12.199999988079071
i8qv8im9,4,12.54999989271164
i8qv8im9,5,-2.2000001072883606
i8qv8im9,6,-5.049999952316284
ignzshk6,1,-6.200000002980232
ignzshk6,2,12
ignzshk6,3,7.449999999254942
ignzshk6,4,9.849999997764826
ignzshk6,5,-6.650000000372529
ignzshk6,6,2.899999998509884
iufx87jk,1,0.30000000004656613
iufx87jk,2,-3.5
iufx87jk,3,16.649999999906868
iufx87jk,4,-4.099999999860302
iufx87jk,5,-10.800000000279397
iufx87jk,6,-7.700000000651983
jscgnhdg,1,20.5
jscgnhdg,2,22.699999809265137
jscgnhdg,3,10.700000047683716
jscgnhdg,4,9.650000095367432
jscgnhdg,5,19
jscgnhdg,6,9.199999928474426
juxni43e,1,18.499999523162842
juxni43e,2,10.199999809265137
juxni43e,3,5.849999904632568
juxni43e,4,0
juxni43e,5,6.69999885559082
juxni43e,6,0.9000000953674316
jwgxbjzf,1,0.3999999985098839
jwgxbjzf,2,8.25
jwgxbjzf,3,18.100000008940697
jwgxbjzf,4,13.450000010430813
jwgxbjzf,5,8.700000002980232
jwgxbjzf,6,-4.850000001490116
k1haxar6,1,20.65000009536743
k1haxar6,2,-3.4000000953674316
k1haxar6,3,-10.899999976158142
k1haxar6,4,0.8499999046325684
k1haxar6,5,15.549999952316284
k1haxar6,6,5
kaj4d6us,1,16.5
kaj4d6us,2,13.000000029802322
kaj4d6us,3,7.049999982118607
kaj4d6us,4,3.25
kaj4d6us,5,13.599999964237213
kaj4d6us,6,30.549999952316284
kfigyu57,1,-12.100000023841858
kfigyu57,2,-3.4999999701976208
kfigyu57,3,3.400000035762787
kfigyu57,4,29.399999976158142
kfigyu57,5,-10.150000035762787
kfigyu57,6,9.75000002980238
kkyl1756,1,7.600000001490116
kkyl1756,2,-2.4500000029802322
kkyl1756,3,18.44999999552965
kkyl1756,4,9.700000002980232
kkyl1756,5,-3.4500000029802322
kkyl1756,6,11.400000005960521
klijsnkr,1,1.800000000745115
klijsnkr,2,29.34999999869615
klijsnkr,3,-10.99999999906862
klijsnkr,4,-1.7000000001862645
klijsnkr,5,-1.4000000022351742
klijsnkr,6,13.900000000372529
knznxrg2,1,2.599999964237213
knznxrg2,2,11.049999952316284
knznxrg2,3,0.7500000596046448
knznxrg2,4,8.599999904632568
knznxrg2,5,1.949999988079071
knznxrg2,6,13.650000035762787
kv027ctc,1,3.4000000059604645
kv027ctc,2,-10.400000013411045
kv027ctc,3,-8.350000001490116
kv027ctc,4,-3.5999999940395355
kv027ctc,5,-11.299999997019768
kv027ctc,6,-0.9000000357627869
l75tdx7z,1,4.5
l75tdx7z,2,-6.5
l75tdx7z,3,-20.5
l75tdx7z,4,-6.5
l75tdx7z,5,14.5
l75tdx7z,6,-7.5
ldmmwz4f,1,-13.550000190734863
ldmmwz4f,2,-6.700000047683716
ldmmwz4f,3,4.8999998569488525
ldmmwz4f,4,-9.799999952316284
ldmmwz4f,5,6.9999998807907104
ldmmwz4f,6,6.450000047683716
llsj1iws,1,17.250000000931323
llsj1iws,2,4.249999999999943
llsj1iws,3,3.6500000013038516
llsj1iws,4,4.75
llsj1iws,5,4.550000000745115
llsj1iws,6,26.799999999813735
ln7kg8ue,1,2.399999998509884
ln7kg8ue,2,4.350000001490116
ln7kg8ue,3,9.800000004470348
ln7kg8ue,4,3.6999999955296516
ln7kg8ue,5,-19.950000002980232
ln7kg8ue,6,28.350000005215406
lv8ld5wh,1,4.499999970197678
lv8ld5wh,2,10.899999976158142
lv8ld5wh,3,-1.25
lv8ld5wh,4,10.5
lv8ld5wh,5,-1.199999988079071
lv8ld5wh,6,4.699999988079014
lykz1rsu,1,18.050000190734863
lykz1rsu,2,-8.449999928474426
lykz1rsu,3,31.90000009536743
lykz1rsu,4,18.350000143051147
lykz1rsu,5,-11.24999988079071
lykz1rsu,6,-1.9000000953674316
mee14g6o,1,8.050000071525574
mee14g6o,2,9.049999952316284
mee14g6o,3,20.449999928474426
mee14g6o,4,0.7000002861022949
mee14g6o,5,13.300000071525574
mee14g6o,6,11.200000047683716
megc4lwa,1,18.499999970197678
megc4lwa,2,6.400000035762787
megc4lwa,3,11.849999994039479
megc4lwa,4,6.449999988079014
megc4lwa,5,8.5
megc4lwa,6,10.300000011920986
mei70uns,1,4.850000023841858
mei70uns,2,4.700000166893005
mei70uns,3,17.549999952316284
mei70uns,4,12.300000190734863
mei70uns,5,4.099999904632568
mei70uns,6,35.99999976158142
merxonq0,1,-10.649999976158142
merxonq0,2,-0.2999999523162842
merxonq0,3,9.449999809265137
merxonq0,4,5.6000001430511475
merxonq0,5,-9.350000023841858
merxonq0,6,-1.2000000476837158
msc1rxqn,1,-2.3500001430511475
msc1rxqn,2,-0.899999737739563
msc1rxqn,3,11.600000023841858
msc1rxqn,4,2.5999999046325684
msc1rxqn,5,11.500000238418579
msc1rxqn,6,-4.699999928474426
mtlahwgq,1,14.200000047683716
mtlahwgq,2,-6.1499998569488525
mtlahwgq,3,7.799999952316284
mtlahwgq,4,10.400000095367432
mtlahwgq,5,-3.049999952316284
mtlahwgq,6,7.599999904632568
n29bvgfq,1,12.400000035762787
n29bvgfq,2,10.050000011920929
n29bvgfq,3,28.90000009536743
n29bvgfq,4,0.5
n29bvgfq,5,-23.650000035762787
n29bvgfq,6,-5.960464477539063e-8
n5zkdivb,1,-2.700000000419095
n5zkdivb,2,5.149999999674037
n5zkdivb,3,0.7999999998137355
n5zkdivb,4,11.300000000279397
n5zkdivb,5,-2.9499999987892807
n5zkdivb,6,14
n98bw1w1,1,8.00000000745058
n98bw1w1,2,13.5
n98bw1w1,3,0.4000000059604645
n98bw1w1,4,3
n98bw1w1,5,-6.299999997019768
n98bw1w1,6,9.49999999254942
ndrjpwzk,1,10.250000059604645
ndrjpwzk,2,22.899999976158142
ndrjpwzk,3,13.249999940395355
ndrjpwzk,4,22.25
ndrjpwzk,5,20.650000035762787
ndrjpwzk,6,2.850000023841858
nj1xo326,1,12.099999845027924
nj1xo326,2,19.700000047683716
nj1xo326,3,-1.050000011920929
nj1xo326,4,20.799999952316284
nj1xo326,5,-22.100000143051147
nj1xo326,6,-12.449999928474426
noei6ysf,1,12.550000190734863
noei6ysf,2,11.399999976158142
noei6ysf,3,-3
noei6ysf,4,15.699999809265137
noei6ysf,5,-4.3500001430511475
noei6ysf,6,10.299999952316284
nw012b80,1,16.5
nw012b80,2,33.5
nw012b80,3,47
nw012b80,4,23.5
nw012b80,5,-9.5
nw012b80,6,42
o0rf6ttx,1,12.299999952316284
o0rf6ttx,2,-7.549999952316284
o0rf6ttx,3,5.399999976158142
o0rf6ttx,4,7.949999928474426
o0rf6ttx,5,-17.350000023841858
o0rf6ttx,6,24.149999976158142
o0s5d3oa,1,14.299999952316284
o0s5d3oa,2,19.799999952316284
o0s5d3oa,3,35.90000009536743
o0s5d3oa,4,8.09999966621399
o0s5d3oa,5,-20.100000023841858
o0s5d3oa,6,14.5
o164htod,1,2
o164htod,2,-1.5
o164htod,3,2
o164htod,4,3.5
o164htod,5,-2
o164htod,6,1.5
o7t1h1uu,1,12.200000047683716
o7t1h1uu,2,22.5
o7t1h1uu,3,5.099999904632568
o7t1h1uu,4,18.55000001192093
o7t1h1uu,5,-4.900000035762787
o7t1h1uu,6,26.15000009536743
oc4nj0mw,1,17.099999994039536
oc4nj0mw,2,-8
oc4nj0mw,3,-1.7499999850988388
oc4nj0mw,4,25.099999994039536
oc4nj0mw,5,-29.099999994039536
oc4nj0mw,6,11.799999997019768
og139wwb,1,3.5499998331069946
og139wwb,2,-2.5500000715255737
og139wwb,3,-3.200000047683716
og139wwb,4,3.9499999284744263
og139wwb,5,10.00000011920929
og139wwb,6,-5.25
oj7dfs8q,1,-8.149999976158142
oj7dfs8q,2,1.350000023841858
oj7dfs8q,3,-4.649999976158142
oj7dfs8q,4,-1.0999999046325684
oj7dfs8q,5,-0.6999998092651367
oj7dfs8q,6,4.149999976158142
ojgtxh4b,1,18.75
ojgtxh4b,2,10.200000017881393
ojgtxh4b,3,24.5
ojgtxh4b,4,7.299999982118607
ojgtxh4b,5,-2.8499999940395355
ojgtxh4b,6,0.14999999105930328
op2f5tbq,1,-3
op2f5tbq,2,6.5
op2f5tbq,3,36.5
op2f5tbq,4,0.5
op2f5tbq,5,15
op2f5tbq,6,9.5
opoeebkv,1,-10.900000005960464
opoeebkv,2,5.900000005960521
opoeebkv,3,17.099999979138374
opoeebkv,4,2.8499999791383743
opoeebkv,5,-9.200000002980232
opoeebkv,6,9.049999997019768
orpo5v41,1,1.899999976158142
orpo5v41,2,-13.200000047683716
orpo5v41,3,4.200000047683716
orpo5v41,4,13.899999737739563
orpo5v41,5,2.149999976158142
orpo5v41,6,7.399999976158142
ou69io2m,1,-0.6000000238418579
ou69io2m,2,-2.5
ou69io2m,3,13.75
ou69io2m,4,8.100000023841858
ou69io2m,5,-6.25
ou69io2m,6,34.249999940395355
ov0ykrcj,1,-21.799999952316284
ov0ykrcj,2,9.5
ov0ykrcj,3,-10.800000190734863
ov0ykrcj,4,1.7000000476837158
ov0ykrcj,5,21.600000023841858
ov0ykrcj,6,-10.050000071525574
ov6zilsh,1,3.3499999046325684
ov6zilsh,2,16.40000009536743
ov6zilsh,3,25.699999809265137
ov6zilsh,4,13.399999976158142
ov6zilsh,5,6
ov6zilsh,6,15
ow986b5y,1,-8
ow986b5y,2,20.5
ow986b5y,3,-1.5
ow986b5y,4,15
ow986b5y,5,-10
ow986b5y,6,5
oy96qcal,1,23.899999856948853
oy96qcal,2,-23.90000021457672
oy96qcal,3,6.400000095367432
oy96qcal,4,3.4000000953674316
oy96qcal,5,-18.850000143051147
oy96qcal,6,-3.5999999046325684
p7r46bu5,1,1.1000001430511475
p7r46bu5,2,-11.250000059604645
p7r46bu5,3,41.250000059604645
p7r46bu5,4,1.449999988079071
p7r46bu5,5,6.949999988079071
p7r46bu5,6,-1.25
p82edp2y,1,-12.000000059604645
p82edp2y,2,-19.899999976158142
p82edp2y,3,-3.0000001192092896
p82edp2y,4,-8.300000071525574
p82edp2y,5,-2.6999999284744263
p82edp2y,6,6.049999892711639
pc2f0ui6,1,8.200000047683716
pc2f0ui6,2,10.699999809265137
pc2f0ui6,3,10.199999928474426
pc2f0ui6,4,-0.30000007152557373
pc2f0ui6,5,-5.549999952316284
pc2f0ui6,6,1.75
pc4rm08d,1,7.200000047683716
pc4rm08d,2,11.499999940395355
pc4rm08d,3,-11.250000059604645
pc4rm08d,4,-3.9999999403953552
pc4rm08d,5,-6
pc4rm08d,6,15.950000047683716
pft5n8y6,1,-5
pft5n8y6,2,-3.949999988079071
pft5n8y6,3,-5.100000023841858
pft5n8y6,4,8.699999928474426
pft5n8y6,5,4.999999940395355
pft5n8y6,6,-4
pl9my9hx,1,4.549999952316284
pl9my9hx,2,-10.349999785423279
pl9my9hx,3,10.850000023841858
pl9my9hx,4,17.149999976158142
pl9my9hx,5,-3.3500001430511475
pl9my9hx,6,-1.2000000476837158
pozsjx4f,1,1.3499999940395355
pozsjx4f,2,8.050000041723251
pozsjx4f,3,8.399999976158199
pozsjx4f,4,0.09999999403953552
pozsjx4f,5,-2.4500000178813934
pozsjx4f,6,5.000000059604645
pp56h32v,1,2.9000000059604645
pp56h32v,2,-2.5
pp56h32v,3,8.249999985098839
pp56h32v,4,2.2999999970197678
pp56h32v,5,-1.1499999910593033
pp56h32v,6,6
przvqjfv,1,-12.900000005960464
przvqjfv,2,-4.049999997019768
przvqjfv,3,5.249999985098839
przvqjfv,4,5.850000008940697
przvqjfv,5,-4.199999988079071
przvqjfv,6,-5.999999970197678
pw6hk232,1,-15.300000071525574
pw6hk232,2,-4.400000095367432
pw6hk232,3,1.250000238418579
pw6hk232,4,4.799999952316284
pw6hk232,5,3.299999952316284
pw6hk232,6,5.100000023841858
q2og7bcw,1,-7.900000095367432
q2og7bcw,2,-11.699999809265137
q2og7bcw,3,-12.100000143051147
q2og7bcw,4,6.999999761581421
q2og7bcw,5,2.9000000953674316
q2og7bcw,6,-10.100000023841858
qbftx87x,1,-17.100000023841858
qbftx87x,2,-1
qbftx87x,3,9.200000047683716
qbftx87x,4,3.949999988079071
qbftx87x,5,-4.200000017881393
qbftx87x,6,15.599999964237213
qh2z8vvu,1,-3.0499999821186066
qh2z8vvu,2,-3.5
qh2z8vvu,3,10.90000006556511
qh2z8vvu,4,26.700000017881393
qh2z8vvu,5,15.699999988079071
qh2z8vvu,6,4.950000017881393
qkicgoft,1,29.799999952316284
qkicgoft,2,26.75
qkicgoft,3,19.200000047683716
qkicgoft,4,2.6500000953674316
qkicgoft,5,13.75
qkicgoft,6,2.950000047683716
qqwe9imb,1,2.5500001907348633
qqwe9imb,2,-8.099999904632568
qqwe9imb,3,25.09999990463257
qqwe9imb,4,-6.549999833106995
qqwe9imb,5,3.299999952316284
qqwe9imb,6,8.25000011920929
qraan3df,1,5.7500001192092896
qraan3df,2,1.0000001192092896
qraan3df,3,-16.90000009536743
qraan3df,4,15.599999904632568
qraan3df,5,-2.899999976158142
qraan3df,6,-0.75
qt76109e,1,-7.5999999940395355
qt76109e,2,-11.100000001490116
qt76109e,3,32.149999994784594
qt76109e,4,-11.550000004470348
qt76109e,5,5.850000001490116
qt76109e,6,10.599999994039536
qtl2vxy4,1,4.850000023841858
qtl2vxy4,2,-0.8999998569488525
qtl2vxy4,3,14.050000071525574
qtl2vxy4,4,7.8500001430511475
qtl2vxy4,5,4.049999952316284
qtl2vxy4,6,17.300000071525574
qw0603kl,1,20.40000009536743
qw0603kl,2,-1.9499998092651367
qw0603kl,3,26.050000429153442
qw0603kl,4,12.350000143051147
qw0603kl,5,-4.749999761581421
qw0603kl,6,-0.20000004768371582
qyefhmeo,1,8.5
qyefhmeo,2,8.5
qyefhmeo,3,12
qyefhmeo,4,23
qyefhmeo,5,7
qyefhmeo,6,15
r0jqeaev,1,-3
r0jqeaev,2,-9
r0jqeaev,3,2
r0jqeaev,4,24
r0jqeaev,5,21
r0jqeaev,6,-3.5
r1rsvgco,1,6.150000000372529
r1rsvgco,2,23.149999999441206
r1rsvgco,3,3.5
r1rsvgco,4,4.200000001117587
r1rsvgco,5,3.25
r1rsvgco,6,3.2000000029802322
r84jyjzi,1,-1.1000001430511475
r84jyjzi,2,2.549999952316284
r84jyjzi,3,2.399999976158142
r84jyjzi,4,6.950000047683716
r84jyjzi,5,9.300000071525574
r84jyjzi,6,8.00000011920929
r9pl56hp,1,-12.950000047683716
r9pl56hp,2,2.200000047683716
r9pl56hp,3,-5.400000095367432
r9pl56hp,4,-0.2999999523162842
r9pl56hp,5,7.6000001430511475
r9pl56hp,6,10.199999809265137
rwtn9oet,1,-4.899999976158142
rwtn9oet,2,-14.399999976158142
rwtn9oet,3,-18
rwtn9oet,4,7.650000035762787
rwtn9oet,5,-12.399999976158142
rwtn9oet,6,-4
s6ye1o1i,1,-17.09999990463257
s6ye1o1i,2,1.2000000476837158
s6ye1o1i,3,-9.700000166893005
s6ye1o1i,4,27.699999809265137
s6ye1o1i,5,-8.400000095367432
s6ye1o1i,6,11.899999976158142
sckw9xi2,1,24.34999966621399
sckw9xi2,2,15.549999952316284
sckw9xi2,3,10.700000286102295
sckw9xi2,4,-9.199999809265137
sckw9xi2,5,-2.500000238418579
sckw9xi2,6,22.649999856948853
si7hbkx8,1,-9.600000143051147
si7hbkx8,2,20.899999856948853
si7hbkx8,3,11.75
si7hbkx8,4,21.90000009536743
si7hbkx8,5,-8.350000023841858
si7hbkx8,6,26.299999952316284
sjmltdl9,1,-6.849999904632568
sjmltdl9,2,2.150000035762787
sjmltdl9,3,3.100000023841858
sjmltdl9,4,20.850000023841858
sjmltdl9,5,1.399999976158142
sjmltdl9,6,28.94999998807907
sjp7cniy,1,8.5
sjp7cniy,2,1.5
sjp7cniy,3,2
sjp7cniy,4,5
sjp7cniy,5,-4
sjp7cniy,6,9
sl71orxp,1,-5.900000000023283
sl71orxp,2,-0.6000000000931323
sl71orxp,3,-0.5500000000465661
sl71orxp,4,2.6000000005587935
sl71orxp,5,7.999999999534339
sl71orxp,6,4.699999999720603
sm7365pn,1,15
sm7365pn,2,-3.5999999046325684
sm7365pn,3,8.099999904632568
sm7365pn,4,13.900000095367432
sm7365pn,5,-12.24999988079071
sm7365pn,6,-8.099999785423279
t4wh6a8a,1,13.5
t4wh6a8a,2,22.5
t4wh6a8a,3,10.000000059604645
t4wh6a8a,4,11.500000059604645
t4wh6a8a,5,2.75
t4wh6a8a,6,13.949999988079071
tcvcarp3,1,-9.549999982118607
tcvcarp3,2,3.0999999791383743
tcvcarp3,3,2.449999988079071
tcvcarp3,4,4.699999988079071
tcvcarp3,5,-5.999999985098839
tcvcarp3,6,10.400000005960464
td18pjfx,1,-1.3000000715255737
td18pjfx,2,14.900000095367432
td18pjfx,3,0.9999997615814209
td18pjfx,4,0.9000000953674316
td18pjfx,5,3.850000023841858
td18pjfx,6,4
teq2jd9p,1,23.90000009536743
teq2jd9p,2,33.950000166893005
teq2jd9p,3,31.799999952316284
teq2jd9p,4,15.700000047683716
teq2jd9p,5,14.049999952316284
teq2jd9p,6,16.950000047683716
tjix77rv,1,17.199999999254942
tjix77rv,2,9.549999999813735
tjix77rv,3,30.300000000745058
tjix77rv,4,15.600000000558794
tjix77rv,5,2.800000000745058
tjix77rv,6,15.150000000372529
tkc3bql3,1,-3.699999988079071
tkc3bql3,2,6.500000007450581
tkc3bql3,3,6.5
tkc3bql3,4,12.049999989569187
tkc3bql3,5,-8.500000014901161
tkc3bql3,6,26.700000002980232
tlv2ma31,1,-5.299999999580848
tlv2ma31,2,11.849999999860302
tlv2ma31,3,-6.149999999906868
tlv2ma31,4,15.799999999348074
tlv2ma31,5,-12.5
tlv2ma31,6,6.800000000279397
tngsmbfb,1,-5.7999999998137355
tngsmbfb,2,6.7999999998137355
tngsmbfb,3,2.0999999998603016
tngsmbfb,4,1.9500000001862645
tngsmbfb,5,-4.250000000465661
tngsmbfb,6,12.200000000186265
twjbvnlp,1,8.700000286102295
twjbvnlp,2,-11.000000476837158
twjbvnlp,3,13.599999904632568
twjbvnlp,4,0.39999985694885254
twjbvnlp,5,3.8000001907348633
twjbvnlp,6,6.400000095367432
txj3817a,1,-8.799999952316284
txj3817a,2,16.00000011920929
txj3817a,3,-13.850000143051147
txj3817a,4,8.899999976158142
txj3817a,5,-9.500000059604645
txj3817a,6,-3.850000023841858
u2woyp9g,1,-19.950000047683716
u2woyp9g,2,-26.600000381469727
u2woyp9g,3,26.549999952316284
u2woyp9g,4,6.299999952316284
u2woyp9g,5,-3.1000003814697266
u2woyp9g,6,35.799999713897705
u32swc61,1,-10.149999976158142
u32swc61,2,5.599999964237213
u32swc61,3,-5.949999988079071
u32swc61,4,5.249999940395355
u32swc61,5,-7.999999940395355
u32swc61,6,2.299999952316284
u8ofwyp7,1,-19.450000017881393
u8ofwyp7,2,25.400000005960464
u8ofwyp7,3,19.30000001192093
u8ofwyp7,4,10.000000029802322
u8ofwyp7,5,10.300000011920929
u8ofwyp7,6,11.600000023841858
u958vef7,1,15
u958vef7,2,13
u958vef7,3,0.5
u958vef7,4,8
u958vef7,5,-9
u958vef7,6,20.5
ud3qt2ba,1,-28
ud3qt2ba,2,-0.4999997615814209
ud3qt2ba,3,8.849999904632568
ud3qt2ba,4,5.849999904632568
ud3qt2ba,5,-21.09999990463257
ud3qt2ba,6,5.350000023841858
un3gjc1s,1,8.200000002980232
un3gjc1s,2,16.5
un3gjc1s,3,20.44999999552965
un3gjc1s,4,7.950000010430813
un3gjc1s,5,12.24999999254942
un3gjc1s,6,19.700000002980232
usnnjdm9,1,-2.800000000745058
usnnjdm9,2,-2.700000001117587
usnnjdm9,3,4.199999995529652
usnnjdm9,4,12.800000000745058
usnnjdm9,5,-13.900000002235174
usnnjdm9,6,-8.199999999254942
ut85pm0q,1,-2.399999976158142
ut85pm0q,2,-0.40000009536743164
ut85pm0q,3,1.3000001907348633
ut85pm0q,4,-3.6499998569488525
ut85pm0q,5,-9.350000023841858
ut85pm0q,6,1.8499997854232788
uuurrbbj,1,-2.4000000953674316
uuurrbbj,2,12.350000143051147
uuurrbbj,3,-4.3500001430511475
uuurrbbj,4,-0.2999999523162842
uuurrbbj,5,-8.900000095367432
uuurrbbj,6,7.699999809265137
uzghar5a,1,5.849999904632568
uzghar5a,2,11.199999928474426
uzghar5a,3,16.5
uzghar5a,4,4.350000023841858
uzghar5a,5,28.049999952316284
uzghar5a,6,17.549999833106995
v6fn4eru,1,8
v6fn4eru,2,-4.5
v6fn4eru,3,0
v6fn4eru,4,-11
v6fn4eru,5,0.5
v6fn4eru,6,-10.5
v7zfve4a,1,1.100000023841801
v7zfve4a,2,25.90000000596052
v7zfve4a,3,10.399999976158142
v7zfve4a,4,12.800000011920986
v7zfve4a,5,19.150000005960464
v7zfve4a,6,12.54999998211855
vduxnyfy,1,8.150000035762787
vduxnyfy,2,-14.549999952316284
vduxnyfy,3,2
vduxnyfy,4,10.799999952316284
vduxnyfy,5,-10.099999964237213
vduxnyfy,6,7.300000011920929
vl6m2tlj,1,3.5000000596046448
vl6m2tlj,2,-27.19999998807907
vl6m2tlj,3,36.500000059604645
vl6m2tlj,4,-7.150000035762787
vl6m2tlj,5,-1.6500000357627869
vl6m2tlj,6,13.799999952316284
vrydb0xr,1,-4
vrydb0xr,2,-3.1999999284744263
vrydb0xr,3,-3.049999952316284
vrydb0xr,4,18.84999990463257
vrydb0xr,5,-16.249999940395355
vrydb0xr,6,-3.099999964237213
vs7415pm,1,9.050000000745058
vs7415pm,2,31.799999999813735
vs7415pm,3,16.850000000558794
vs7415pm,4,6.549999998882356
vs7415pm,5,-30.89999999944115
vs7415pm,6,-2.199999999254999
vz5xf26j,1,21.599999964237213
vz5xf26j,2,8.650000035762787
vz5xf26j,3,9.099999964237213
vz5xf26j,4,7.300000011920929
vz5xf26j,5,-9.649999976158142
vz5xf26j,6,23
w6fxd0ct,1,7.450000002980232
w6fxd0ct,2,-5.399999991059303
w6fxd0ct,3,7.500000007450581
w6fxd0ct,4,6.250000007450581
w6fxd0ct,5,0.4999999850988388
w6fxd0ct,6,-14.099999994039479
weakyj8i,1,-7.399999976158142
weakyj8i,2,-6.3499999940395355
weakyj8i,3,-10.400000005960464
weakyj8i,4,3.5
weakyj8i,5,9.25
weakyj8i,6,-6.299999982118607
wl1d54gn,1,33.09999996423721
wl1d54gn,2,-24.950000002980232
wl1d54gn,3,44.65000002086168
wl1d54gn,4,-4.9000000059604645
wl1d54gn,5,1.7999999970197678
wl1d54gn,6,1.5000000149011612
x0p6rm1y,1,11.549999989569187
x0p6rm1y,2,-8
x0p6rm1y,3,24.899999991059303
x0p6rm1y,4,-1.4500000029802322
x0p6rm1y,5,5.0999999940395355
x0p6rm1y,6,-13.99999999254942
x0xukvie,1,-2.5
x0xukvie,2,-12.5
x0xukvie,3,15.5
x0xukvie,4,3
x0xukvie,5,-5.5
x0xukvie,6,-6
x3yr520m,1,-3.299999952316284
x3yr520m,2,28.950000047683716
x3yr520m,3,1.949999988079071
x3yr520m,4,3.2000001072883606
x3yr520m,5,-14.599999904632568
x3yr520m,6,23.049999952316284
x7813yq0,1,-0.6000000238418579
x7813yq0,2,-26.649999856948853
x7813yq0,3,22.199999809265137
x7813yq0,4,13.49999988079071
x7813yq0,5,-12.900000095367432
x7813yq0,6,4.8999998569488525
xivwne6i,1,32.60000002384186
xivwne6i,2,-18.450000047683716
xivwne6i,3,-27.59999990463257
xivwne6i,4,11.000000238418579
xivwne6i,5,11.899999976158142
xivwne6i,6,-13.599999904632568
xmklclsz,1,-10.999999985098782
xmklclsz,2,28.899999991059303
xmklclsz,3,-1.450000002980289
xmklclsz,4,12.099999994039479
xmklclsz,5,7.899999976158142
xmklclsz,6,2.5
xroufr90,1,-10.549999952316284
xroufr90,2,25.799999952316284
xroufr90,3,-7.600000083446503
xroufr90,4,-10.25000011920929
xroufr90,5,12.50000011920929
xroufr90,6,8.399999976158142
xuhuv8lc,1,-5.4000000059604645
xuhuv8lc,2,9.150000005960464
xuhuv8lc,3,0
xuhuv8lc,4,15.849999994039536
xuhuv8lc,5,-1.0000000149011612
xuhuv8lc,6,20.30000001192093
y0w9ndc3,1,4.650000095367432
y0w9ndc3,2,9.299999952316284
y0w9ndc3,3,-2.799999713897705
y0w9ndc3,4,3.200000047683716
y0w9ndc3,5,-2.5500000715255737
y0w9ndc3,6,13.949999809265137
y4t0c0hk,1,34.699999928474426
y4t0c0hk,2,-20.549999952316284
y4t0c0hk,3,19.050000071525574
y4t0c0hk,4,4.350000023841858
y4t0c0hk,5,-3.8999999165534973
y4t0c0hk,6,2.449999988079071
yc475tvl,1,-57.299999952316284
yc475tvl,2,25.399999856948853
yc475tvl,3,-27.74999988079071
yc475tvl,4,1.9000000953674316
yc475tvl,5,5
yc475tvl,6,-1.649999976158142
yozvkl9c,1,-15
yozvkl9c,2,4.5
yozvkl9c,3,6
yozvkl9c,4,16
yozvkl9c,5,-12
yozvkl9c,6,9
yq8ep1z3,1,4.649999998509884
yq8ep1z3,2,18.549999997019768
yq8ep1z3,3,18.600000001490116
yq8ep1z3,4,-5.200000002980232
yq8ep1z3,5,-3.3500000089406967
yq8ep1z3,6,8.000000014901161
yrsr94ov,1,-13.649999856948853
yrsr94ov,2,4.349999666213989
yrsr94ov,3,3.500000238418579
yrsr94ov,4,27.800000190734863
yrsr94ov,5,-11.449999809265137
yrsr94ov,6,36.80000019073486
ywgayqt6,1,10.350000023841858
ywgayqt6,2,-6.500000014901161
ywgayqt6,3,8
ywgayqt6,4,26.599999994039536
ywgayqt6,5,-22.400000005960464
ywgayqt6,6,3.5000000298023224
yyfbdu0b,1,26.5
yyfbdu0b,2,-3
yyfbdu0b,3,8.5
yyfbdu0b,4,8
yyfbdu0b,5,52.5
yyfbdu0b,6,16
yz3rkgxg,1,33.99999998509884
yz3rkgxg,2,-1.4901218037266517e-8
yz3rkgxg,3,-9.350000001490116
yz3rkgxg,4,-0.29999999701976776
yz3rkgxg,5,-23.649999991059303
yz3rkgxg,6,22.25000000745058
z0qweezh,1,6.950000166893005
z0qweezh,2,6.450000166893005
z0qweezh,3,-5.349999785423279
z0qweezh,4,-5.350000023841858
z0qweezh,5,-0.04999995231628418
z0qweezh,6,34.10000002384186
z3zuaqyi,1,6.4000000059604645
z3zuaqyi,2,10.299999982118607
z3zuaqyi,3,15.900000005960464
z3zuaqyi,4,-5.150000020861626
z3zuaqyi,5,4.299999997019768
z3zuaqyi,6,3.800000011920929
z7bic0rf,1,9.25
z7bic0rf,2,4.900000095367432
z7bic0rf,3,17.199999928474426
z7bic0rf,4,21.200000166893005
z7bic0rf,5,-12.700000047683716
z7bic0rf,6,18.649999976158142
za9gkd6c,1,-5.799999952316284
za9gkd6c,2,16.24999988079071
za9gkd6c,3,9.5
za9gkd6c,4,11.25000011920929
za9gkd6c,5,-18.50000011920929
za9gkd6c,6,9.100000023841858
zc2uy687,1,3.5
zc2uy687,2,1.5
zc2uy687,3,2.5
zc2uy687,4,0.5
zc2uy687,5,-8.5
zc2uy687,6,-1
ze5i9tkz,1,15.800000190734863
ze5i9tkz,2,-21.00000023841858
ze5i9tkz,3,-17.549999952316284
ze5i9tkz,4,25.350000262260437
ze5i9tkz,5,-20.350000262260437
ze5i9tkz,6,10.799999952316284
zgi28emw,1,12.24999988079071
zgi28emw,2,2.6999999284744263
zgi28emw,3,-7.4999998807907104
zgi28emw,4,-7.4999998807907104
zgi28emw,5,4.049999952316284
zgi28emw,6,32.00000011920929
zmlkdgl5,1,-5
zmlkdgl5,2,5
zmlkdgl5,3,8
zmlkdgl5,4,13
zmlkdgl5,5,0.5
zmlkdgl5,6,19.5
zn7thjg0,1,-1.949999988079071
zn7thjg0,2,16.499999940395355
zn7thjg0,3,8.199999928474426
zn7thjg0,4,6.799999952316284
zn7thjg0,5,4.900000095367432
zn7thjg0,6,3.4999999403953552
zqa7txui,1,9.550000008195639
zqa7txui,2,-0.8500000014901161
zqa7txui,3,11.850000001490116
zqa7txui,4,7.100000001490116
zqa7txui,5,-3.050000000745058
zqa7txui,6,-1.3500000014901161
zrfresc1,1,30.549999952316284
zrfresc1,2,-15.5
zrfresc1,3,-4.050000071525574
zrfresc1,4,8.200000166893005
zrfresc1,5,-17.699999928474426
zrfresc1,6,9.100000023841858
zrn2grix,1,-5.099999904632568
zrn2grix,2,14.199999988079071
zrn2grix,3,3.3000000715255737
zrn2grix,4,0.6500000357627869
zrn2grix,5,9.699999928474426
zrn2grix,6,-7.099999904632568
zshuyb8c,1,3.4499999284744263
zshuyb8c,2,12.850000023841858
zshuyb8c,3,7.250000238418579
zshuyb8c,4,0.09999990463256836
zshuyb8c,5,-4.700000166893005
zshuyb8c,6,-1.2999999523162842
zxd44db3,1,1.399999976158142
zxd44db3,2,5.700000047683716
zxd44db3,3,14.050000071525574
zxd44db3,4,-0.7500002384185791
zxd44db3,5,7.849999904632568
zxd44db3,6,1.7999999523162842
zy448n7y,1,-42.649999998509884
zy448n7y,2,19.150000002235174
zy448n7y,3,11.600000003352761
zy448n7y,4,35.30000000074506
zy448n7y,5,-44.79999999701977
zy448n7y,6,-4.00000000372529
