id,H_1,L_1,H_2,L_2,H_3,L_3,H_4,L_4,H_5,L_5,H_6,L_6,bin_1,bin_2,bin_3,bin_4,bin_5,bin_6
02012588,383.2000000178814,389.800000011921,384.2999999821186,415.59999999403954,370.5,369.39999997615814,352.30000001192093,359.80000001192093,369.90000000596046,386.199999988079,359.15000000596046,372.699999988079,6.599999994039592,31.30000001192093,-1.100000023841858,7.5,16.29999998211855,13.54999998211855
02hhn3yb,379.7999999523163,380.14999997615814,357.60000002384186,402.7999999523163,355.5,385.9000000357628,352.2999999523163,395.8000000715256,382.39999997615814,376.39999997615814,358.7999999523163,385.94999998807907,0.3500000238418579,45.199999928474426,30.400000035762787,43.50000011920929,-6,27.150000035762787
09u7vlj7,334.2000000476837,344.09999990463257,340.5,349,333.7000000476837,336.10000002384186,308.9500000476837,315.64999997615814,328.7000000476837,325.2999999523163,316.89999997615814,329.89999997615814,9.899999856948853,8.5,2.399999976158142,6.699999928474426,-3.4000000953674316,13
0jutvml5,353.7000000476837,354.0500000715256,345.14999997615814,347.59999990463257,337.60000014305115,340.0499999523163,305.7499998807907,307.89999985694885,321.14999997615814,331,309.90000009536743,328.39999985694885,0.3500000238418579,2.4499999284744263,2.4499998092651367,2.149999976158142,9.850000023841858,18.49999976158142
0ldaeete,368,348.5,356,360.5,362,362,368.5,374,371,367,412,420,-19.5,4.5,0,5.5,-4,8
0qlz7yxg,390,394,377,387,373.5,395.5,337,342,353,371,345.5,367,4,10,22,5,18,21.5
0v04fxma,459.8500000014901,461.09999999403954,421.79999999701977,425.55000000447035,363.1000000089407,367.5,345.1499999985099,348,352.5,354.5,362.30000000447035,368.800000011921,1.2499999925494194,3.7500000074505806,4.399999991059303,2.850000001490116,2,6.500000007450637
10gr6k2l,365.09999990463257,367.59999990463257,374.4500000476837,360.59999990463257,371.35000002384186,375.90000009536743,337,343.7999999523163,356.7999999523163,348.84999990463257,365.10000014305115,361.7000000476837,2.5,-13.850000143051147,4.550000071525574,6.799999952316284,-7.950000047683716,-3.4000000953674316
11qq9hxf,411.9999998807907,408.59999990463257,419.60000014305115,428.5499999523163,381.5,395.75,337.2999999523163,357.59999990463257,366.2999999523163,363.39999985694885,368.5500000715256,379,-3.399999976158142,8.949999809265137,14.25,20.299999952316284,-2.9000000953674316,10.449999928474426
14g6hv8k,473.19999999995343,503.19999999995343,462.20000000006985,442.19999999995343,423.1500000000233,438.6500000000233,399.8999999994412,388.25,410.0500000002794,445.39999999990687,391.29999999981374,386.29999999981374,30,-20.000000000116415,15.5,-11.649999999441206,35.34999999962747,-5
16j46xy8,439.19999998807907,448.199999988079,399.699999988079,427.6500000357628,394.7999999821186,404.39999997615814,342.9500000178814,346.4500000178814,392.69999998807907,393.7499999701977,410.199999988079,409.699999988079,8.999999999999943,27.950000047683773,9.599999994039536,3.5,1.0499999821186066,-0.5
1dyyaw4b,319.09999990463257,325.75,320.85000002384186,340.25,315.7999999523163,318.7000000476837,303.2000000476837,304.90000009536743,316.2000000476837,313.3000000715256,317.5,326.0499999523163,6.650000095367432,19.399999976158142,2.9000000953674316,1.7000000476837158,-2.899999976158142,8.549999952316284
1lb7tbr7,388.40000000596046,371.65000000596046,376.79999999701977,398.59999999403954,376,360,337.90000000596046,345.40000000596046,371.1499999910593,335.7000000178814,331.40000000596046,350.2000000178814,-16.75,21.799999997019768,-16,7.5,-35.44999997317791,18.80000001192093
1xqec919,461.699999988079,454.7500000298023,430.80000001192093,454.15000000596046,398.9000000357628,414.300000011921,343.84999999403954,364.85000002384186,337.19999998807907,336.5,340,326,-6.949999958276692,23.349999994039536,15.399999976158199,21.000000029802322,-0.699999988079071,-14
21xapnnh,409.2000000476837,405.85000014305115,392.7999999523163,367.8000000715256,365.35000002384186,361.7499998807907,340.0500000715256,342.0500000715256,369.5499999523163,358.0499999523163,376.7999999523163,364.7999999523163,-3.3499999046325684,-24.99999988079071,-3.6000001430511475,2,-11.5,-12
23h7rpbu,359.89999997615814,343.7000000476837,360.0499999523163,373.2999999523163,352.3000000715256,380.40000009536743,328.2999999523163,340.9499999284744,339.5,335.85000002384186,334.5,348,-16.199999928474426,13.25,28.100000023841858,12.649999976158142,-3.649999976158142,13.5
23rjqvom,365.15000009536743,386.90000009536743,356.6000003814697,364.25,341.80000019073486,365.84999990463257,341.90000009536743,365.5499999523163,371.3999996185303,356.7000002861023,380.30000019073486,385.5,21.75,7.649999618530273,24.049999713897705,23.649999856948853,-14.699999332427979,5.199999809265137
29ehzpe0,377.5,374.5,382,389,370,380,367,371,370,366,366,375,-3,7,10,4,-4,9
29zpbmmy,362.199999988079,370.75,387.89999997615814,371.300000011921,359.60000002384186,366.300000011921,328.10000002384186,323.5999999642372,340.9500000178814,350.35000002384186,335.5,340.2000000476837,8.550000011920986,-16.599999964237156,6.699999988079128,-4.500000059604645,9.400000005960464,4.700000047683716
2davx7nt,298.0499999523163,313.25,308.80000001192093,310,308.7999999523163,307.64999997615814,300.4000000357628,297.59999990463257,300.7999999523163,313.89999997615814,308.1000000834465,305.60000002384186,15.200000047683716,1.199999988079071,-1.149999976158142,-2.8000001311302185,13.100000023841858,-2.5000000596046448
2n6v1k3u,411.09999999403954,430.70000000298023,373.49999998509884,383.39999997615814,362.2999999821186,377.199999988079,366.25,380.95000000298023,387.40000000596046,379.5,373.3999999910593,379.09999999403954,19.600000008940697,9.899999991059303,14.900000005960408,14.700000002980232,-7.9000000059604645,5.700000002980232
2v42ipxy,450.5499999821186,484.2000000178814,430.90000000596046,426.89999997615814,414.89999997615814,446.5,371.90000000596046,381.25,394.300000011921,405.29999999701977,377.59999999403954,411.3999999910593,33.65000003576279,-4.000000029802322,31.600000023841858,9.349999994039536,10.999999985098782,33.79999999701977
2wl27dkz,328.90000009536743,332,339.59999990463257,351.7000000476837,336.14999997615814,361.59999990463257,308,310.5500000715256,319.7999999523163,318.9499999284744,305.4500000476837,312.5,3.0999999046325684,12.100000143051147,25.449999928474426,2.5500000715255737,-0.8500000238418579,7.049999952316284
2xn0szh6,392.0999999977648,408.79999999701977,399.8999999985099,390.1000000014901,374.5999999977648,399.6000000014901,420.5,425.69999999552965,395.1000000014901,419.1000000014901,430.8499999977648,409.29999999701977,16.699999999254942,-9.799999997019768,25.00000000372529,5.199999995529652,24,-21.550000000745058
2z10bv6a,342.7000000476837,332.799999833107,339.19999980926514,337.9500000476837,341,372.2000000476837,315.84999990463257,328.2999999523163,335.90000009536743,331.6999999284744,320.9500000476837,333.7000000476837,-9.900000214576721,-1.249999761581421,31.200000047683716,12.450000047683716,-4.200000166893005,12.75
2zbxslpn,386.7000000476837,396.4500000476837,382.7999999523163,384.59999990463257,377.09999990463257,392.85000014305115,353.2000000476837,357.64999985694885,353.9500000476837,353.7000000476837,361.7499998807907,368.69999980926514,9.75,1.7999999523162842,15.750000238418579,4.449999809265137,-0.25,6.949999928474426
30a1bp8j,382.40000009536743,380.9499999284744,399.5,408,353.0499999523163,368.90000009536743,342.5,330.5000001192093,345.89999985694885,347.2499998807907,353.7999999523163,352.39999985694885,-1.4500001668930054,8.5,15.850000143051147,-11.99999988079071,1.350000023841858,-1.4000000953674316
321yl4lz,382.10000002384186,410.4000000357628,394.84999999403954,411.39999997615814,381.5,382.39999997615814,356.2999999523163,384.300000011921,377.300000011921,385.59999999403954,385.09999999403954,381.19999995827675,28.30000001192093,16.549999982118607,0.8999999761581421,28.0000000596047,8.29999998211855,-3.900000035762787
36eh4u39,393.19999980926514,382.80000019073486,377,380.2999999523163,399.90000009536743,395,339.4500000476837,340.25,364.5500000715256,380.89999997615814,362.7000000476837,367.59999990463257,-10.399999618530273,3.299999952316284,-4.900000095367432,0.7999999523162842,16.34999990463257,4.8999998569488525
38k6v81o,454.09999990463257,459.4500000476837,450.2000000476837,427.09999990463257,415.5,419.7999999523163,421.89999997615814,418.2000000476837,439.5000001192093,449.80000019073486,442.5,467.60000014305115,5.3500001430511475,-23.100000143051147,4.299999952316284,-3.6999999284744263,10.300000071525574,25.100000143051147
3942ithx,437.25,456.0499999821186,450.9999999701977,443,427.199999988079,448.800000011921,370.199999988079,364.84999999403954,382.2999999821186,386,405.60000002384186,424.2000000178814,18.799999982118607,-7.999999970197678,21.60000002384197,-5.349999994039479,3.7000000178813934,18.599999994039536
3c48ijq4,350.80000001192093,359.7000000476837,366.84999999403954,356.80000001192093,362.699999988079,366.10000002384186,332.25,337.60000002384186,342,334,332.60000002384186,342.90000000596046,8.900000035762787,-10.049999982118607,3.4000000357628437,5.350000023841858,-8,10.299999982118607
3o6c5jme,340.80000001192093,335.8000000715256,341.39999997615814,353.10000002384186,330.0999999642372,337.2999999523163,316,322.30000001192093,330,334.10000002384186,327.14999997615814,329.80000001192093,-4.999999940395355,11.700000047683716,7.199999988079071,6.300000011920929,4.100000023841858,2.650000035762787
3z7js7ze,378.9000000357628,381,379.89999997615814,367.9000000357628,353.2999999523163,366.90000009536743,352,362.7000000476837,347.8000000715256,345.2000000476837,349.19999998807907,340.30000001192093,2.099999964237213,-11.999999940395355,13.600000143051147,10.700000047683716,-2.600000023841858,-8.899999976158142
4c4vv6fg,439.2000000476837,445.25,438.75,441.39999997615814,431.25,432.2000000476837,396.10000002384186,400.2999999523163,415.75,408.69999998807907,434.64999997615814,410.5999999642372,6.049999952316284,2.649999976158142,0.9500000476837158,4.199999928474426,-7.050000011920929,-24.05000001192093
4iu45lp8,373.19999999995343,368.54999999993015,374.70000000018626,374.10000000009313,377.39999999990687,374.74999999976717,373,374.20000000018626,369.70000000018626,363.64999999990687,372.9000000003726,376.10000000009313,-4.650000000023283,-0.6000000000931323,-2.6500000001396984,1.2000000001862645,-6.050000000279397,3.1999999997205464
4j2ynmmd,372,380.8999999994412,383.3499999996274,382.4000000003726,376.5,383.79999999981374,360.79999999981374,369.0999999996274,360.29999999981374,365.5,353.5,358.6499999994412,8.899999999441206,-0.9499999992548283,7.2999999998137355,8.299999999813679,5.2000000001862645,5.1499999994412065
4lce564k,431.54999999701977,409.3999999910593,398.59999999403954,393.09999999403954,377.04999999701977,393.20000000298023,361.6000000014901,373,363.8500000014901,358.20000000298023,347.19999998807907,357.3500000014901,-22.150000005960464,-5.5,16.150000005960464,11.399999998509884,-5.649999998509884,10.150000013411045
4oenuj4z,334,341,339,331.5,323,336,311,315,307,309,300,313.5,7,-7.5,13,4,2,13.5
4osyobtp,375,360.2000000476837,392.7000000476837,411.2000000476837,383.9500000476837,384.30000019073486,322.7000000476837,327.14999997615814,340.7000000476837,349.90000009536743,318.85000002384186,333.69999980926514,-14.799999952316284,18.5,0.35000014305114746,4.449999928474426,9.200000047683716,14.849999785423279
4tjawqeo,397.5,399.69999980926514,373.7999997138977,401.40000009536743,380.40000009536743,371.5499999523163,349.69999980926514,359.09999990463257,369.15000009536743,363.7999999523163,369.5,379.69999980926514,2.1999998092651367,27.600000381469727,-8.850000143051147,9.400000095367432,-5.3500001430511475,10.199999809265137
4uzthrsp,399,405.5,409,387.5,391,395.5,362.5,365,381,379,367.5,377,6.5,-21.5,4.5,2.5,-2,9.5
5aqq8r6w,362.39999985694885,356.2999999523163,367,368.65000009536743,358.1999999284744,350.90000009536743,324.89999985694885,337,350.40000009536743,350.2000000476837,347.2999999523163,354.89999997615814,-6.099999904632568,1.6500000953674316,-7.299999833106995,12.100000143051147,-0.20000004768371582,7.600000023841858
5ckvwhwy,438.75,443.25,435,445.300000011921,427.699999988079,413.90000000596046,383.95000000298023,391.7000000178814,404.59999999403954,392,412.6499999910593,422.84999999403954,4.5,10.300000011920986,-13.79999998211855,7.750000014901161,-12.599999994039536,10.200000002980232
5g9je77m,350.90000000596046,347.55000000447035,357.8500000014901,365.79999999701977,347.29999999701977,358.29999999701977,334.05000000447035,330.20000000298023,331.04999999701977,343.45000000298023,342.09999999403954,332.8999999985099,-3.350000001490116,7.949999995529652,11,-3.850000001490116,12.400000005960464,-9.199999995529652
5l6mnknj,368.5999999996274,375.6000000005588,383.19999999925494,376.4000000003726,381.15000000037253,351.55000000074506,353.20000000018626,351.09999999962747,374.0999999996274,377.5,380.05000000074506,383.5,7.000000000931379,-6.799999998882356,-29.59999999962747,-2.1000000005587935,3.400000000372586,3.449999999254942
5tqven48,402.09999990463257,412.59999990463257,407.39999997615814,422.89999997615814,377.30000001192093,412.2000000476837,343.19999998807907,346.7000000476837,364.09999990463257,364.55000001192093,385.60000002384186,387.0499999523163,10.5,15.5,34.90000003576279,3.5000000596046448,0.4500001072883606,1.4499999284744263
5un6y0nb,380,392,369.5,398,379,413,360,380,368.5,369.5,350,367,12,28.5,34,20,1,17
5vluzm8n,453.04999999701977,459,432.5,412.699999988079,385.40000000596046,397.90000000596046,354.34999999403954,358.6499999910593,364.5,351.90000000596046,369.40000000596046,362.7000000178814,5.950000002980232,-19.800000011920986,12.5,4.299999997019768,-12.599999994039536,-6.699999988079071
62pu08b1,389,379.5,394,409,389,384,380,371,397,386.5,395,402,-9.5,15,-5,-9,-10.5,7
63xil5ki,361.75000005960464,373.60000002384186,370.09999990463257,366.35000002384186,370.60000002384186,384.7999999523163,346.60000002384186,370.55000001192093,363.49999994039536,350.5,360.60000002384186,365.4500000476837,11.849999964237213,-3.7499998807907104,14.199999928474426,23.94999998807907,-12.999999940395355,4.850000023841858
66jz8ugt,360,380.39999997615814,350.0499999523163,383.25,340.80000001192093,354.1999999284744,325.69999998807907,339.44999998807907,335.9500000476837,342.5,339,348.39999997615814,20.399999976158142,33.200000047683716,13.399999916553497,13.75,6.549999952316284,9.399999976158142
6f2ol425,401,403.85000002384186,412.55000001192093,405.59999990463257,366,397.2000000476837,334.2000000476837,340.2000000476837,342.5,349.6500000357628,357.7000000476837,357.8500000834465,2.850000023841858,-6.950000107288361,31.200000047683716,6,7.150000035762787,0.15000003576278687
6gwztzbq,328.20000000298023,327.40000000596046,334.29999999701977,353.30000001192093,329.8999999985099,334.3999999910593,308.29999999701977,331.80000001192093,351.09999999403954,355.5,337.8999999985099,354.90000000596046,-0.7999999970197678,19.00000001490116,4.499999992549419,23.50000001490116,4.4000000059604645,17.00000000745058
6jpt0age,330.60000002384186,358.35000002384186,321.94999998807907,338.25,338.10000002384186,337.40000009536743,308.3499999642372,313.2999999523163,334.4000000357628,325.89999997615814,316.99999994039536,330.30000001192093,27.75,16.30000001192093,-0.6999999284744263,4.949999988079071,-8.500000059604645,13.300000071525574
6ui53ym6,455.2999999821186,448.09999999403954,431.79999999701977,414.55000001192093,422.39999997615814,434.7999999821186,361.3999999910593,385.40000000596046,413.94999998807907,404.7999999821186,366.90000000596046,406.199999988079,-7.199999988079071,-17.24999998509884,12.400000005960464,24.00000001490116,-9.150000005960464,39.29999998211855
7cwp4v6n,393,405,395,401,370,384,370.5,391,378,381,373,380.5,12,6,14,20.5,3,7.5
7e2tmpa6,396.2000000011176,388.9000000003726,452.25,418.5999999996274,395.80000000074506,410.9000000003726,352.34999999962747,361.0499999988824,359.19999999925494,351.0999999977648,357.30000000074506,367.84999999962747,-7.300000000745001,-33.650000000372586,15.099999999627528,8.699999999254942,-8.100000001490116,10.549999998882413
7etrw5nu,319.1000000014901,314.6000000014901,322.40000000596046,317.1000000014901,315.69999999925494,321.5,314.79999999701977,314.55000000074506,306.5,306.5,305.7499999962747,305.6000000014901,-4.5,-5.300000004470348,5.800000000745058,-0.2499999962747097,0,-0.14999999478459358
7qw1xhrh,424.59999990463257,403.89999997615814,460.75,469.5500000715256,414.2999999523163,421.9500000476837,404.5,399.40000009536743,395.65000009536743,402.65000009536743,415.80000019073486,421.3000000715256,-20.699999928474426,8.800000071525574,7.650000095367432,-5.099999904632568,7,5.4999998807907104
81bqimnf,382.39999985694885,390.60000002384186,389.7000000476837,398.2000000476837,350.59999990463257,373.7000000476837,325,333.25,355.9499999284744,348.60000014305115,372.2000000476837,391.85000014305115,8.200000166893005,8.5,23.100000143051147,8.25,-7.349999785423279,19.65000009536743
81db02fc,370.59999990463257,381.59999990463257,361.10000002384186,382.59999990463257,360,361.09999990463257,333.7000000476837,356.14999997615814,365.09999990463257,354.9500000476837,347,378.2000000476837,11,21.49999988079071,1.0999999046325684,22.449999928474426,-10.149999856948853,31.200000047683716
8c1fhpt1,544.5,506,463,487,428,434.5,437.5,434.5,458,453,455,478,-38.5,24,6.5,-3,-5,23
8cav5z8q,554.6999999880791,543.0499999821186,546.1999999880791,504.9500000476837,516.5499999821186,523.2500000298023,477.5999999642372,481.19999998807907,516.6999999880791,482.2999999821186,483.300000011921,492.34999999403954,-11.650000005960464,-41.249999940395355,6.700000047683716,3.600000023841858,-34.400000005960464,9.04999998211855
8vxgrgkb,445.1500000357628,443.7999999523163,433.14999997615814,423.75,374.64999997615814,391.39999997615814,361,374.14999997615814,367.75000005960464,365.5,394,392.3500000834465,-1.3500000834465027,-9.399999976158142,16.75,13.149999976158142,-2.2500000596046448,-1.6499999165534973
8xlm91xr,334.35000002384186,327.2000000476837,329.15000009536743,321.59999990463257,316.10000014305115,338.7999999523163,301.2000000476837,305.14999997615814,332.5,333.60000014305115,313.14999997615814,320.30000019073486,-7.149999976158142,-7.550000190734863,22.699999809265137,3.9499999284744263,1.1000001430511475,7.150000214576721
91e0xbu5,332.89999997615814,338.09999990463257,331.89999997615814,348.2000000476837,322.2999999523163,337.7999999523163,292.09999990463257,301.4499999284744,315.89999997615814,305.2999999523163,327.2000000476837,342.2000000476837,5.199999928474426,16.300000071525574,15.5,9.350000023841858,-10.600000023841858,15
934tcrxh,427.2000000476837,442.2000000476837,447.60000002384186,433.80000019073486,425.90000009536743,417.4499999284744,353.4500000476837,345.89999997615814,368.2499998807907,368.89999997615814,384.75,394.5,15,-13.799999833106995,-8.450000166893005,-7.550000071525574,0.6500000953674316,9.75
95qq6nys,331.60000002384186,331.2999999523163,345.19999998807907,345,342.55000001192093,357.94999998807907,337.5999999642372,352.7999999523163,337.60000002384186,337.99999994039536,337.89999997615814,353.55000001192093,-0.30000007152557373,-0.19999998807907104,15.399999976158142,15.199999988079071,0.3999999165534973,15.650000035762787
98n9czmc,415.7999999523163,423.30000019073486,404.2999999523163,407.2000000476837,378.39999985694885,391.10000002384186,346.5,349.90000009536743,373.0500000715256,374.2000000476837,354.5,369.59999990463257,7.500000238418579,2.9000000953674316,12.700000166893005,3.4000000953674316,1.149999976158142,15.099999904632568
99rxav54,330.5499999523163,338.1999999284744,334.10000002384186,340.39999997615814,353.7999999523163,370.55000001192093,344.8000000715256,358.8000000715256,353.25,352.75,344.75,350.89999997615814,7.649999976158142,6.299999952316284,16.750000059604645,14,-0.5,6.149999976158142
9d4b8u7f,351.1999999284744,360.89999985694885,371.35000002384186,355.35000002384186,340.80000019073486,349.5499999523163,316.34999990463257,329.10000014305115,334.10000002384186,334.2000000476837,322.2000000476837,340.2000000476837,9.699999928474426,-16,8.749999761581421,12.750000238418579,0.10000002384185791,18
9dptpzrf,571.1999999880791,552,462.89999997615814,462.0499999821186,415.59999999403954,419.40000000596046,416.05000001192093,427,419.800000011921,418.30000001192093,429.300000011921,425.64999997615814,-19.19999998807907,-0.8499999940395355,3.800000011920929,10.949999988079071,-1.5000000000000568,-3.6500000357628437
9e1r9mu0,359.5,382,369.5,374.5,357,357,333.5,328,344,335,341,347,22.5,5,0,-5.5,-9,6
9e9jgfep,429.19999999995343,440.4999999998836,415,435.95000000006985,373.20000000018626,389.29999999981374,375.5500000002794,376.75,406.20000000018626,398.9499999997206,385.29999999981374,400.89999999990687,11.29999999993015,20.95000000006985,16.09999999962747,1.1999999997206032,-7.250000000465661,15.600000000093132
9eprutwa,377.55000000074506,389,352.5999999977648,357.80000000074506,347.30000000074506,357.30000000074506,324,337.90000000037253,338.80000000074506,332.44999999925494,341.29999999701977,352.5999999977648,11.449999999254942,5.200000002980232,10,13.900000000372529,-6.350000001490116,11.300000000745058
9eybg7ux,357.39999997615814,380.3000000715256,353.7000000476837,358.2000000476837,349.3500000834465,375.94999998807907,346.3499999642372,351.5,354.30000001192093,368.55000001192093,346.55000001192093,373.2000000476837,22.90000009536743,4.5,26.59999990463257,5.150000035762787,14.25,26.650000035762787
9owrldau,382.9000000001397,389.30000000004657,365.60000000009313,365.5,351.0999999999767,358.30000000004657,317.40000000037253,325.20000000018626,345.84999999962747,344,329.0500000002794,335.80000000074506,6.399999999906868,-0.10000000009313226,7.200000000069849,7.7999999998137355,-1.849999999627471,6.750000000465661
9qygdnaf,446,420,414.5,400.5,395,404.5,383,380,382,391,382,378,-26,-14,9.5,-3,9,-4
9s5fp6s6,433.2000000178814,422.50000001490116,375.20000000298023,386.8500000089407,381.800000011921,384.09999999403954,361.5,391.1499999910593,398.70000000298023,381.300000011921,392.04999999701977,399.7999999821186,-10.700000002980232,11.650000005960464,2.2999999821185497,29.649999991059303,-17.399999991059246,7.749999985098839
9ypnxdh1,355.60000002384186,363,370.60000002384186,370,357.60000002384186,370,312.5,316.25,328.6999999284744,337.89999997615814,329.0999999642372,342.94999998807907,7.399999976158142,-0.6000000238418579,12.399999976158142,3.75,9.200000047683716,13.850000023841858
a2lhxhxk,375.5,365.05000019073486,359.19999980926514,355.7999997138977,351.59999990463257,370.75,335.2999997138977,338.15000009536743,353.40000009536743,365.85000014305115,353.39999985694885,370.69999980926514,-10.449999809265137,-3.4000000953674316,19.15000009536743,2.8500003814697266,12.450000047683716,17.299999952316284
a9n5v3d1,399.65000000596046,387.5,380.25,383,368.2000000476837,379.7000000476837,337.89999997615814,356.10000002384186,372.39999997615814,356.35000002384186,352.69999998807907,363.60000002384186,-12.150000005960464,2.75,11.5,18.200000047683716,-16.049999952316284,10.900000035762787
acyrm6vi,442.85000002384186,450.40000009536743,424.90000009536743,421.14999997615814,390.5499999523163,394.89999985694885,389.39999985694885,407,391.39999997615814,396.89999985694885,351.7999999523163,364.2999999523163,7.550000071525574,-3.7500001192092896,4.349999904632568,17.600000143051147,5.4999998807907104,12.5
adx0ufr2,344,349,366.5,375.5,347,347,330,350,353.5,349,354,376,5,9,0,20,-4.5,22
ahrykldn,355.80000001192093,360.94999998807907,356.89999997615814,358.90000009536743,341.3000000715256,346.7999999523163,324.60000002384186,324.8000000715256,331.35000002384186,344.5500000715256,337.10000002384186,338.55000001192093,5.149999976158142,2.0000001192092896,5.4999998807907104,0.20000004768371582,13.200000047683716,1.449999988079071
ajw8rmzy,434,432.2999999523163,432.9499999284744,453.2999999523163,386.40000009536743,388.2000000476837,362.6999999284744,352.75,372.40000009536743,386.64999997615814,372.59999990463257,379.7999999523163,-1.7000000476837158,20.350000023841858,1.7999999523162842,-9.949999928474426,14.24999988079071,7.200000047683716
au3z690l,338.3500000014901,337.1500000022352,349.8999999985099,352.0999999977648,363.8499999977648,367.19999999552965,327.80000000074506,327.69999999552965,332.3999999985099,336.1000000014901,323,335.70000000298023,-1.199999999254942,2.199999999254942,3.349999997764826,-0.10000000521540642,3.7000000029802322,12.700000002980232
awz14fq9,411.0499999523163,392.7999999523163,410,408.1999999284744,420.64999997615814,418.2500001192093,378.5499999523163,395,407.0499999523163,387.89999985694885,406.7000000476837,404.5,-18.25,-1.8000000715255737,-2.3999998569488525,16.450000047683716,-19.15000009536743,-2.200000047683716
bd6v7ia1,497.5499999523163,465.9500002861023,453.59999990463257,428.2999999523163,464.5,447.5499997138977,364.69999980926514,374,399.90000009536743,362.80000019073486,358.10000014305115,359.44999980926514,-31.59999966621399,-25.299999952316284,-16.950000286102295,9.300000190734863,-37.09999990463257,1.3499996662139893
bh4nuak1,367.39999999990687,371.30000000004657,378.9000000001397,375.5999999999767,348.39999999990687,356.30000000004657,323.44999999995343,318.39999999990687,332.29999999981374,333.29999999981374,329.20000000018626,341.5500000002794,3.9000000001396984,-3.3000000001629815,7.900000000139698,-5.050000000046566,1,12.350000000093132
bla7r2es,354.35000014305115,334.69999980926514,354.5,355.69999980926514,336.9500000476837,342.6000003814697,312.19999980926514,319.84999990463257,331.2000000476837,330.5,327.7000002861023,318.30000019073486,-19.65000033378601,1.1999998092651367,5.650000333786011,7.650000095367432,-0.7000000476837158,-9.400000095367432
bx2hkvzu,329.39999997615814,341,341.5999999642372,335.4999999701977,329.80000001192093,341,307.59999999403954,332.4000000357628,319.19999998807907,316.0999999642372,312.90000000596046,335,11.600000023841858,-6.0999999940395355,11.199999988079071,24.80000004172325,-3.100000023841858,22.099999994039536
byga4vql,411.5999999642372,396.5,409.5,395.89999997615814,363.5,408.2000000476837,338,344.89999997615814,352.9000000357628,353.89999997615814,369.2500000298023,368.90000000596046,-15.099999964237213,-13.600000023841858,44.700000047683716,6.899999976158142,0.9999999403953552,-0.3500000238418579
c8cu3c3m,365,386,367,376,360,367,339.5,349,343,342.5,347,340,21,9,7,9.5,-0.5,-7
cjz75i22,395.2000000476837,401.3000000715256,370.2999999523163,386.10000014305115,353.60000014305115,379.8000000715256,356.2999999523163,343.9499999284744,363.90000009536743,355.2000000476837,371.40000009536743,355.2000000476837,6.100000023841858,15.800000190734863,26.199999928474426,-12.350000023841858,-8.700000047683716,-16.200000047683716
cqohls3i,336.39999985694885,355.59999990463257,326.10000014305115,316.7999999523163,325.5,303.7000000476837,307.39999985694885,302.40000009536743,330.2999999523163,326.5,308.09999990463257,306.25,19.200000047683716,-9.300000190734863,-21.799999952316284,-4.999999761581421,-3.799999952316284,-1.8499999046325684
cw1o9bs1,361.60000000009313,372.80000000004657,367.6999999997206,388.3499999999767,373.00000000023283,393.29999999981374,341.5,356.54999999981374,380.84999999962747,362,376.99999999953434,384.20000000018626,11.199999999953434,20.650000000256114,20.299999999580905,15.049999999813735,-18.84999999962747,7.200000000651926
d0ik7z9x,362.6000000014901,346.6000000014901,350.79999999701977,367.6499999985099,353.70000000298023,355.79999999701977,342.4000000022352,351.19999999552965,352.8500000014901,337.1000000014901,353.1000000014901,361.5,-16,16.850000001490116,2.0999999940395355,8.799999993294477,-15.75,8.399999998509884
d2m1zo7g,408.89999997615814,461.5,422.69999998807907,432.7999999523163,423.39999997615814,412.75,357.1999999284744,378.39999997615814,399,394.7999999523163,401.09999990463257,413.90000009536743,52.60000002384186,10.099999964237213,-10.649999976158142,21.200000047683716,-4.200000047683716,12.800000190734863
d3omyepd,504.35000002384186,468.7999999523163,476.85000002384186,484.7999999523163,462.39999997615814,461.7999999523163,423,419.09999990463257,441.4500000476837,442.30000019073486,441.2999999523163,450.7000000476837,-35.550000071525574,7.949999928474426,-0.6000000238418579,-3.9000000953674316,0.8500001430511475,9.400000095367432
d6it3y3p,388.25,403,407.14999997615814,397.3000000715256,418.39999997615814,414.6500000357628,374.6500000357628,390.74999994039536,397.55000001192093,404.25,384.69999998807907,395.60000002384186,14.75,-9.849999904632568,-3.7499999403953552,16.09999990463257,6.699999988079071,10.900000035762787
decnc028,372.2000000178814,372.40000000596046,383.8500000089407,377.09999999403954,366.2999999821186,390.5,340,340.90000000596046,360.8999999910593,361.24999998509884,376.45000000298023,372.5,0.19999998807907104,-6.750000014901161,24.200000017881393,0.9000000059604645,0.3499999940395355,-3.9500000029802322
diqhmi3m,347.40000009536743,354.7000000476837,374.09999990463257,378.5500000715256,363.59999990463257,370.60000002384186,320.7999999523163,335.7999999523163,333.30000019073486,326.7000000476837,350.89999985694885,339.5,7.299999952316284,4.450000166893005,7.0000001192092896,15,-6.6000001430511475,-11.399999856948853
dkzozr6c,560,569,532,567,528.5,528,468.5,471.5,471,442,463,456,9,35,-0.5,3,-29,-7
dmsi5tdj,354.70000000018626,347.8999999994412,352.40000000037253,355.59999999962747,339.90000000037253,377.20000000018626,305.8500000005588,310.7499999990687,344.09999999869615,328.15000000037253,319.59999999962747,329.09999999962747,-6.800000000745058,3.199999999254942,37.299999999813735,4.899999998509884,-15.94999999832362,9.5
dnoe2hz9,437.3000000715256,454.10000002384186,412.89999997615814,403.1500000357628,372.90000009536743,397.1999999284744,400.39999997615814,405.05000001192093,392.7000000476837,401.5,398.85000002384186,410.4000000357628,16.799999952316284,-9.749999940395355,24.299999833106995,4.650000035762787,8.799999952316284,11.550000011920929
dq82faf2,514.6999999955297,486.30000000447035,483.5,454.6000000014901,461.6000000014901,477.4999999962747,399.75,393.40000000596046,409.29999999701977,411.3499999977648,436.20000000298023,437.45000000298023,-28.399999991059303,-28.899999998509884,15.899999994784594,-6.3499999940395355,2.050000000745058,1.25
dr4gkvot,398.95000000298023,420.699999988079,386.79999999701977,398,384.6499999985099,400.09999999403954,364.5,380.3500000014901,348.1000000089407,349.3999999985099,356.1499999985099,367.04999999701977,21.749999985098782,11.200000002980232,15.449999995529652,15.850000001490116,1.2999999895691872,10.899999998509884
ds5uz2d5,401.199999988079,425.300000011921,453.60000002384186,502.5999999642372,389.300000011921,409.60000002384186,374,378,418.15000000596046,407.0000000298023,405.89999997615814,402.39999997615814,24.10000002384197,48.999999940395355,20.300000011920872,4,-11.149999976158142,-3.5
dyyp50j9,436,420,420,428.5,380,385,368,382,397.5,362.5,405,417,-16,8.5,5,14,-35,12
e9v1bzuc,466.60000002384186,444.800000011921,488.10000002384186,513.1000000238419,462.60000002384186,478.0499999821186,382.199999988079,392.39999997615814,394.89999997615814,409.34999999403954,401.1500000357628,400.4000000357628,-21.800000011920872,25,15.449999958276749,10.199999988079128,14.450000017881393,-0.75
eegst1da,348.60000014305115,337.2000000476837,355.2999999523163,342.80000019073486,359.90000009536743,353.7000000476837,322.09999990463257,333.39999985694885,344.7999999523163,334.60000014305115,344.25,344.5499999523163,-11.400000095367432,-12.499999761581421,-6.200000047683716,11.299999952316284,-10.199999809265137,0.2999999523162842
efi3fjue,338.60000002384186,349.39999997615814,332.2999999523163,344.7999999523163,344.09999990463257,350.60000002384186,346,362.05000001192093,360.89999997615814,348.39999997615814,336.40000009536743,352.5,10.799999952316284,12.5,6.5000001192092896,16.05000001192093,-12.5,16.09999990463257
ej4up0rn,417.29999999701977,410.1000000089407,397.40000000596046,376.800000011921,380.6499999985099,382.6000000014901,308,324.70000000298023,369.1000000014901,358.29999999701977,334.7499999925494,358.70000000298023,-7.199999988079071,-20.59999999403948,1.9500000029802322,16.700000002980232,-10.800000004470348,23.950000010430813
ejv5piey,465.39999997615814,475.1999999284744,440.39999985694885,440.39999985694885,395.7499998807907,404.5,353.59999990463257,341.7999999523163,401.85000002384186,405.7999999523163,402.39999997615814,405.14999997615814,9.799999952316284,0,8.75000011920929,-11.799999952316284,3.9499999284744263,2.75
ektwqxeh,344.5,360,335.10000002384186,354.5999999642372,328.40000009536743,323.8000000715256,315.0499999523163,315.64999997615814,329.59999990463257,331.7000000476837,320.65000009536743,332.6999999284744,15.5,19.499999940395355,-4.600000023841858,0.6000000238418579,2.1000001430511475,12.049999833106995
em7v17uu,323.6000000014901,320.75,326.1000000014901,362.3999999985099,328.3999999985099,325.29999999701977,294.40000000596046,310,308.20000000298023,325.29999999701977,297.75,300.55000000447035,-2.850000001490116,36.29999999701977,-3.100000001490116,15.599999994039536,17.099999994039536,2.8000000044703484
enhoisyi,455,492,466,466,455,441,424,462,426,415,418,456,37,0,-14,38,-11,38
eogyi8j4,344.0499999821186,341.84999999403954,327.59999999403954,329.5499999821186,326.2000000178814,330.7000000178814,305.8999999910593,312.69999998807907,311.40000000596046,321.34999999403954,307.5,311.3499999642372,-2.199999988079071,1.949999988079071,4.5,6.799999997019768,9.949999988079071,3.849999964237213
f3jt6ahq,346.80000000004657,359.75,349.25000000023283,341,354.75,349.10000000009313,306.40000000037253,314.0500000002794,329.90000000037253,326.79999999981374,326.3999999994412,337.5,12.949999999953434,-8.25000000023283,-5.649999999906868,7.649999999906868,-3.1000000005587935,11.100000000558794
f6k7yhh9,422.59999990463257,411.7999999523163,509.0499999523163,495.9499999284744,411.7000000476837,386.7999999523163,399.10000002384186,412.5000001192093,434,448.40000009536743,431.64999997615814,430.5,-10.799999952316284,-13.100000023841858,-24.90000009536743,13.400000095367432,14.400000095367432,-1.149999976158142
fdlbs3x7,457.2999999821186,459.3999999910593,401.1000000089407,398.2999999821186,435.09999999403954,439.59999999403954,407.6499999910593,413.95000000298023,423,426.89999997615814,400.3999999910593,399.5,2.1000000089406967,-2.80000002682209,4.5,6.300000011920929,3.899999976158142,-0.8999999910593033
fhwg4lyo,356.3500000000349,356.5999999999767,341.0999999999767,355.89999999990687,339.0999999998603,346.9000000000233,331.04999999981374,329.99999999953434,339.34999999962747,337.1000000005588,322.1000000005588,329.99999999953434,0.24999999994179234,14.79999999993015,7.8000000001629815,-1.0500000002793968,-2.2499999990686774,7.899999998975545
fnqg33tk,397.7499999962747,396.5,365.8999999985099,365.79999999701977,350.19999999552965,354,333.54999999701977,349,357.8499999977648,362.44999999925494,345.5,361.29999999701977,-1.2499999962747097,-0.10000000149011612,3.8000000044703484,15.450000002980232,4.600000001490116,15.799999997019768
fo2t0ykg,399.30000019073486,429.4500000476837,409.39999985694885,429.39999997615814,421.1999999284744,425.9500000476837,382.4499999284744,408.09999990463257,410.60000002384186,393.60000002384186,389.65000009536743,401.59999990463257,30.149999856948853,20.00000011920929,4.7500001192092896,25.649999976158142,-17,11.949999809265137
foy52cb4,360.7999999523163,377.25,367.0499999523163,374.5,377.0499999523163,392.2999999523163,347.549999833107,340.7999999523163,352.5,339.14999997615814,329.89999997615814,333.10000002384186,16.450000047683716,7.450000047683716,15.25,-6.7499998807907104,-13.350000023841858,3.200000047683716
ftd9rnvm,483.7999999523163,492.90000009536743,459.64999997615814,466.9000000357628,465.69999998807907,469.2999999523163,462.5,462.60000002384186,443.2000000476837,446.09999990463257,428.60000002384186,448.19999998807907,9.100000143051147,7.250000059604645,3.599999964237213,0.10000002384185791,2.8999998569488525,19.599999964237213
g59wh51e,345.05000001192093,330.7000000476837,327.60000002384186,345.10000002384186,322.89999997615814,330.9000000357628,311.7000000476837,317.24999994039536,342.2999999523163,330.2999999523163,318.39999997615814,334.7999999523163,-14.349999964237213,17.5,8.000000059604645,5.549999892711639,-12,16.399999976158142
g6fwz6fr,381,389.5,359,368.5,360,367,355,358,394,394.5,367,365,8.5,9.5,7,3,0.5,-2
g6u6toqw,332.34999999403954,346.39999997615814,353.0000000298023,343.75,326,331.10000002384186,296.7499999701977,308.39999997615814,334.2999999821186,319.19999998807907,318.19999998807907,337.65000000596046,14.049999982118607,-9.250000029802322,5.100000023841858,11.650000005960464,-15.099999994039536,19.450000017881393
g79gm5hl,423.25,413.7999999821186,388.34999999403954,418.7000000178814,373.09999999403954,393.2999999821186,387.90000000596046,398.00000001490116,405.300000011921,403.800000011921,390,406.29999999701977,-9.450000017881393,30.350000023841858,20.19999998807907,10.100000008940697,-1.5,16.299999997019768
ga9uahma,600.5,554.2999999523163,582.2999999523163,585.9000000953674,585,624.8999999761581,545.6500000953674,560.6000001430511,567.4499999284744,591,574.2000000476837,560.5999999046326,-46.200000047683716,3.6000001430511475,39.89999997615814,14.950000047683716,23.550000071525574,-13.600000143051147
ggyyoznf,320.60000002384186,325.69999998807907,310.25,312.5,308.10000002384186,315,292.80000001192093,292.95000000298023,315.20000000298023,319.70000000298023,348.15000000596046,356.09999999403954,5.099999964237213,2.25,6.899999976158142,0.14999999105930328,4.5,7.949999988079071
ghfmfp6u,491.2000000476837,498.3000000715256,419.10000002384186,433.6999999284744,433.2000000476837,440.5,378.64999997615814,414.25,425.9499999284744,425.40000009536743,450.7000000476837,473.09999990463257,7.100000023841858,14.599999904632568,7.299999952316284,35.60000002384186,-0.5499998331069946,22.399999856948853
gmohu013,497.80000019073486,471.19999980926514,467.80000019073486,494.8999996185303,466.75000047683716,464.30000019073486,421.30000019073486,423,441.90000009536743,446.40000009536743,475.1000003814697,480.24999952316284,-26.600000381469727,27.09999942779541,-2.450000286102295,1.6999998092651367,4.5,5.149999141693115
gszsrlmk,403.3000000715256,413,412.25,413.5,384.25,378.89999997615814,360.60000002384186,371.60000002384186,375.80000001192093,385.2000000476837,375.39999997615814,387.24999994039536,9.699999928474426,1.25,-5.350000023841858,11,9.400000035762787,11.849999964237213
h2fr0kzy,338.79999999701977,338.59999999403954,358.1000000089407,352.45000000298023,338.5,346.3500000014901,330.29999999701977,325.25,333.95000000298023,343.6000000014901,337.5,341.09999999403954,-0.20000000298023224,-5.6500000059604645,7.850000001490116,-5.049999997019768,9.649999998509884,3.5999999940395355
h46neot4,391.30000000447035,394.70000000298023,395.55000000447035,391.29999999701977,386.29999999701977,390.3999999985099,345.70000000298023,352.6000000089407,362.59999999403954,369.59999999403954,340.5,364.3999999985099,3.399999998509884,-4.250000007450581,4.100000001490116,6.9000000059604645,7,23.899999998509884
h6f38bwq,402.55000019073486,432.5,393.7000002861023,390,401.7999999523163,394.09999990463257,333.60000014305115,351.69999980926514,366.84999990463257,356.2999997138977,358.35000014305115,366.90000009536743,29.949999809265137,-3.700000286102295,-7.700000047683716,18.09999966621399,-10.550000190734863,8.549999952316284
haqli8xf,333.5,336,347.14999997615814,359.14999997615814,360.5499999523163,364.4500000476837,352.8000000715256,351.7999999523163,358.0000001192093,354.14999997615814,359,365.39999985694885,2.5,12,3.9000000953674316,-1.0000001192092896,-3.8500001430511475,6.3999998569488525
hdbjnl2c,368.19999998807907,374.6999999284744,376.6000000834465,399.64999997615814,350.60000002384186,356.5,320.25000005960464,330.74999994039536,351.05000001192093,342.5,340.7000000476837,356.44999998807907,6.499999940395355,23.04999989271164,5.899999976158142,10.49999988079071,-8.550000011920929,15.749999940395355
he7sr8mk,309.2999999523163,309.2000000476837,318.7999999523163,329.10000014305115,310.2000000476837,311.35000002384186,291.64999997615814,296.5,285.09999990463257,286,300,310.0500000715256,-0.09999990463256836,10.300000190734863,1.149999976158142,4.850000023841858,0.9000000953674316,10.050000071525574
hegg4ro3,374,373.19999998807907,353.6500000357628,370.2999999523163,342.69999998807907,344.60000002384186,319.8499999642372,335.60000002384186,335.40000009536743,332.3499999642372,326.89999997615814,337.60000002384186,-0.800000011920929,16.649999916553497,1.9000000357627869,15.750000059604645,-3.0500001311302185,10.700000047683716
hgkrglvb,391,392.5,391,395,402,412,408.5,410,380,383,404.5,403,1.5,4,10,1.5,3,-1.5
hgvrtubi,360.6499999985099,378.29999999701977,362.40000000596046,350.69999999925494,350.09999999403954,366.70000000298023,346.69999999552965,354.1000000014901,338,356.1000000014901,345.5,353.09999999403954,17.649999998509884,-11.700000006705523,16.600000008940697,7.4000000059604645,18.100000001490116,7.5999999940395355
hi6zokfx,403.5,419.7000000476837,389.60000014305115,410.7000000476837,390.2000000476837,413.40000009536743,358.65000009536743,384.5,364.9500000476837,372.1999999284744,371.64999997615814,384.35000002384186,16.200000047683716,21.09999990463257,23.200000047683716,25.84999990463257,7.2499998807907104,12.700000047683716
hifa1lt0,368,386.5,396,392,374,385,365,369,371,400,372,367.5,18.5,-4,11,4,29,-4.5
hiz600nj,333.3999999910593,344.5,320.6000000014901,331.65000000596046,330.90000000596046,342.69999998807907,298,315.8999999985099,335.90000000596046,317.5,311.40000000596046,326,11.100000008940697,11.050000004470348,11.799999982118607,17.899999998509884,-18.400000005960464,14.599999994039536
hprh5n1p,407.19999980926514,402.84999990463257,420.89999997615814,402.09999990463257,402.09999990463257,401.40000009536743,366.60000002384186,365.90000009536743,402.75,387.2999999523163,367.89999985694885,389.5,-4.349999904632568,-18.800000071525574,-0.6999998092651367,-0.6999999284744263,-15.450000047683716,21.600000143051147
hy7g3uyh,390.44999999925494,373.5,380.44999999552965,406.69999999552965,358.2499999962747,370.69999999552965,354.4999999962747,371.6499999985099,354,343,339.09999999403954,351.9999999962747,-16.949999999254942,26.25,12.449999999254942,17.150000002235174,-11,12.900000002235174
hz8tf3vd,329.6000000014901,323.90000000037253,325.4500000011176,334.4000000022352,329.5,324.65000000037253,312.20000000298023,320.25,315.80000000447035,321.5,320,322.75,-5.700000001117587,8.950000001117587,-4.849999999627471,8.049999997019768,5.699999995529652,2.75
i0g6t95m,411.95000000018626,431.90000000037253,403.80000000074506,413.65000000037253,415.44999999925494,439.9000000003726,353.69999999925494,363.80000000074506,373.3999999985099,384.90000000037253,369.2000000011176,378,19.950000000186265,9.849999999627471,24.450000001117644,10.100000001490116,11.500000001862645,8.799999998882413
i7buva8v,413,362.3000000715256,459.14999997615814,444.25,456.39999997615814,450.80000019073486,373.7500001192093,384.80000019073486,395.35000002384186,372.09999990463257,399.2000000476837,380.60000014305115,-50.699999928474426,-14.899999976158142,-5.599999785423279,11.050000071525574,-23.25000011920929,-18.59999990463257
i8qv8im9,502,522.3999999761581,485.14999997615814,497.69999998807907,478.5,466.30000001192093,423.8500000834465,436.39999997615814,436.90000009536743,434.69999998807907,418.75,413.7000000476837,20.399999976158142,12.550000011920929,-12.199999988079071,12.54999989271164,-2.2000001072883606,-5.049999952316284
ignzshk6,350.6000000014901,344.3999999985099,336.80000000074506,348.80000000074506,332.94999999925494,340.3999999985099,310.4000000022352,320.25,334.34999999962747,327.69999999925494,329.20000000298023,332.1000000014901,-6.200000002980232,12,7.449999999254942,9.849999997764826,-6.650000000372529,2.899999998509884
iufx87jk,397.69999999995343,398,414.5,411,356.05000000004657,372.69999999995343,358.39999999990687,354.30000000004657,388.60000000009313,377.79999999981374,404.9000000003726,397.1999999997206,0.30000000004656613,-3.5,16.649999999906868,-4.099999999860302,-10.800000000279397,-7.700000000651983
jscgnhdg,359.40000009536743,379.90000009536743,374.2000000476837,396.89999985694885,335.7999999523163,346.5,311.64999997615814,321.3000000715256,321.65000009536743,340.65000009536743,320.5,329.6999999284744,20.5,22.699999809265137,10.700000047683716,9.650000095367432,19,9.199999928474426
juxni43e,330.4000005722046,348.90000009536743,327,337.19999980926514,316.09999990463257,321.94999980926514,301.69999980926514,301.69999980926514,312.4000005722046,319.0999994277954,314.2000002861023,315.1000003814697,18.499999523162842,10.199999809265137,5.849999904632568,0,6.69999885559082,0.9000000953674316
jwgxbjzf,405.6499999985099,406.04999999701977,416.59999999403954,424.84999999403954,392.59999999403954,410.70000000298023,340.8999999910593,354.3500000014901,364.3999999910593,373.09999999403954,369.09999999403954,364.2499999925494,0.3999999985098839,8.25,18.100000008940697,13.450000010430813,8.700000002980232,-4.850000001490116
k1haxar6,347.89999997615814,368.5500000715256,397.5,394.09999990463257,368.60000002384186,357.7000000476837,318.40000009536743,319.25,337,352.5499999523163,327.6500000357628,332.6500000357628,20.65000009536743,-3.4000000953674316,-10.899999976158142,0.8499999046325684,15.549999952316284,5
kaj4d6us,343,359.5,357.59999999403954,370.60000002384186,349.5,356.5499999821186,323.80000001192093,327.05000001192093,339.30000001192093,352.89999997615814,338.35000002384186,368.89999997615814,16.5,13.000000029802322,7.049999982118607,3.25,13.599999964237213,30.549999952316284
kfigyu57,393.60000002384186,381.5,396.199999988079,392.7000000178814,377.5999999642372,381,329.7000000178814,359.09999999403954,357.35000002384186,347.19999998807907,364.5499999821186,374.300000011921,-12.100000023841858,-3.4999999701976208,3.400000035762787,29.399999976158142,-10.150000035762787,9.75000002980238
kkyl1756,362.69999999552965,370.29999999701977,386.70000000298023,384.25,393.29999999701977,411.7499999925494,429.29999999701977,439,373.19999999552965,369.7499999925494,359.90000000596046,371.300000011921,7.600000001490116,-2.4500000029802322,18.44999999552965,9.700000002980232,-3.4500000029802322,11.400000005960521
klijsnkr,404.09999999962747,405.9000000003726,391.40000000130385,420.75,412.3999999994412,401.4000000003726,327.45000000018626,325.75,343.2000000011176,341.7999999988824,337,350.90000000037253,1.800000000745115,29.34999999869615,-10.99999999906862,-1.7000000001862645,-1.4000000022351742,13.900000000372529
knznxrg2,322.10000002384186,324.69999998807907,325.00000005960464,336.05000001192093,332.75,333.50000005960464,315.90000009536743,324.5,337.5,339.44999998807907,332.44999998807907,346.10000002384186,2.599999964237213,11.049999952316284,0.7500000596046448,8.599999904632568,1.949999988079071,13.650000035762787
kv027ctc,434.29999999701977,437.70000000298023,409.6000000089407,399.19999999552965,415.29999999701977,406.94999999552965,363.25,359.65000000596046,372.59999999403954,361.29999999701977,389.2000000178814,388.2999999821186,3.4000000059604645,-10.400000013411045,-8.350000001490116,-3.5999999940395355,-11.299999997019768,-0.9000000357627869
l75tdx7z,432.5,437,435,428.5,439,418.5,395,388.5,391.5,406,409.5,402,4.5,-6.5,-20.5,-6.5,14.5,-7.5
ldmmwz4f,368.75,355.19999980926514,382.7999999523163,376.09999990463257,349.60000014305115,354.5,332.2999999523163,322.5,365.65000009536743,372.64999997615814,347.5499999523163,354,-13.550000190734863,-6.700000047683716,4.8999998569488525,-9.799999952316284,6.9999998807907104,6.450000047683716
llsj1iws,412.79999999981374,430.05000000074506,394.4000000003726,398.65000000037253,379.7999999988824,383.45000000018626,370.5,375.25,366.84999999962747,371.4000000003726,349.5,376.29999999981374,17.250000000931323,4.249999999999943,3.6500000013038516,4.75,4.550000000745115,26.799999999813735
ln7kg8ue,398.19999999925494,400.5999999977648,376.3999999985099,380.75,358.3999999985099,368.20000000298023,335.5,339.19999999552965,370.20000000298023,350.25,344.8499999977648,373.20000000298023,2.399999998509884,4.350000001490116,9.800000004470348,3.6999999955296516,-19.950000002980232,28.350000005215406
lv8ld5wh,345.30000001192093,349.7999999821186,342.30000001192093,353.19999998807907,356,354.75,332.39999997615814,342.89999997615814,351.90000000596046,350.7000000178814,360.75,365.449999988079,4.499999970197678,10.899999976158142,-1.25,10.5,-1.199999988079071,4.699999988079014
lykz1rsu,450.09999990463257,468.15000009536743,459.9499999284744,451.5,443,474.90000009536743,374.39999985694885,392.75,409.5,398.2500001192093,422.40000009536743,420.5,18.050000190734863,-8.449999928474426,31.90000009536743,18.350000143051147,-11.24999988079071,-1.9000000953674316
mee14g6o,367.0499999523163,375.10000002384186,358.7999999523163,367.84999990463257,339.64999997615814,360.09999990463257,327.69999980926514,328.40000009536743,330.0499999523163,343.35000002384186,330.2999999523163,341.5,8.050000071525574,9.049999952316284,20.449999928474426,0.7000002861022949,13.300000071525574,11.200000047683716
megc4lwa,383.9500000178814,402.44999998807907,377.7999999821186,384.2000000178814,366.84999999403954,378.699999988079,363.300000011921,369.75,360.9500000178814,369.4500000178814,365.199999988079,375.5,18.499999970197678,6.400000035762787,11.849999994039479,6.449999988079014,8.5,10.300000011920986
mei70uns,481.6999999284744,486.5499999523163,500.89999985694885,505.60000002384186,461.7000000476837,479.25,396.09999990463257,408.40000009536743,406.5500000715256,410.64999997615814,393.80000019073486,429.7999999523163,4.850000023841858,4.700000166893005,17.549999952316284,12.300000190734863,4.099999904632568,35.99999976158142
merxonq0,407.9499999284744,397.2999999523163,416.5,416.2000000476837,382.15000009536743,391.59999990463257,354.39999985694885,360,356.2999999523163,346.9499999284744,366.7000000476837,365.5,-10.649999976158142,-0.2999999523162842,9.449999809265137,5.6000001430511475,-9.350000023841858,-1.2000000476837158
msc1rxqn,370.10000014305115,367.75,358.14999985694885,357.2500001192093,344.64999997615814,356.25,331.2000000476837,333.7999999523163,331.89999985694885,343.40000009536743,336.60000002384186,331.90000009536743,-2.3500001430511475,-0.899999737739563,11.600000023841858,2.5999999046325684,11.500000238418579,-4.699999928474426
mtlahwgq,358.09999990463257,372.2999999523163,362.9500000476837,356.80000019073486,342.40000009536743,350.2000000476837,313.5,323.90000009536743,319.25,316.2000000476837,319.2000000476837,326.7999999523163,14.200000047683716,-6.1499998569488525,7.799999952316284,10.400000095367432,-3.049999952316284,7.599999904632568
n29bvgfq,417.39999997615814,429.80000001192093,412.6999999284744,422.74999994039536,386.09999990463257,415,367.7000000476837,368.2000000476837,386.05000001192093,362.39999997615814,364.7000000476837,364.69999998807907,12.400000035762787,10.050000011920929,28.90000009536743,0.5,-23.650000035762787,-5.960464477539063e-8
n5zkdivb,318.8000000002794,316.0999999998603,339.05000000004657,344.1999999997206,329.10000000009313,329.89999999990687,287.10000000009313,298.40000000037253,312.44999999925494,309.50000000046566,308.20000000018626,322.20000000018626,-2.700000000419095,5.149999999674037,0.7999999998137355,11.300000000279397,-2.9499999987892807,14
n98bw1w1,441.09999999403954,449.1000000014901,416,429.5,418.79999999701977,419.20000000298023,379.8999999985099,382.8999999985099,399.5,393.20000000298023,391.0000000074506,400.5,8.00000000745058,13.5,0.4000000059604645,3,-6.299999997019768,9.49999999254942
ndrjpwzk,416.39999997615814,426.6500000357628,366,388.89999997615814,377.3000000715256,390.55000001192093,339.85000002384186,362.10000002384186,372.6499999165535,393.2999999523163,390.4500000476837,393.3000000715256,10.250000059604645,22.899999976158142,13.249999940395355,22.25,20.650000035762787,2.850000023841858
nj1xo326,423.1000000834465,435.1999999284744,424.89999997615814,444.60000002384186,414.89999997615814,413.8499999642372,374.90000009536743,395.7000000476837,415.40000009536743,393.2999999523163,414.1999999284744,401.75,12.099999845027924,19.700000047683716,-1.050000011920929,20.799999952316284,-22.100000143051147,-12.449999928474426
noei6ysf,356.39999985694885,368.9500000476837,351.5000001192093,362.90000009536743,331.7999999523163,328.7999999523163,321.40000009536743,337.09999990463257,349.0499999523163,344.69999980926514,336.2999999523163,346.59999990463257,12.550000190734863,11.399999976158142,-3,15.699999809265137,-4.3500001430511475,10.299999952316284
nw012b80,418,434.5,415,448.5,409.5,456.5,386.5,410,417,407.5,389,431,16.5,33.5,47,23.5,-9.5,42
o0rf6ttx,374,386.2999999523163,471,463.4500000476837,432.10000002384186,437.5,383.4499999284744,391.39999985694885,410.2999999523163,392.9499999284744,397.7000000476837,421.85000002384186,12.299999952316284,-7.549999952316284,5.399999976158142,7.949999928474426,-17.350000023841858,24.149999976158142
o0s5d3oa,417.40000009536743,431.7000000476837,388,407.7999999523163,388.09999990463257,424,364.10000014305115,372.19999980926514,394.8000000715256,374.7000000476837,376.9999998807907,391.4999998807907,14.299999952316284,19.799999952316284,35.90000009536743,8.09999966621399,-20.100000023841858,14.5
o164htod,353,355,356.5,355,349,351,346,349.5,339,337,342.5,344,2,-1.5,2,3.5,-2,1.5
o7t1h1uu,423.1999999284744,435.39999997615814,365.2999999523163,387.7999999523163,343,348.09999990463257,340.0999999642372,358.64999997615814,382.69999998807907,377.7999999523163,349.25,375.40000009536743,12.200000047683716,22.5,5.099999904632568,18.55000001192093,-4.900000035762787,26.15000009536743
oc4nj0mw,409.45000000298023,426.54999999701977,385.79999999701977,377.79999999701977,361.84999999403954,360.1000000089407,328.70000000298023,353.79999999701977,341.79999999701977,312.70000000298023,336.40000000596046,348.20000000298023,17.099999994039536,-8,-1.7499999850988388,25.099999994039536,-29.099999994039536,11.799999997019768
og139wwb,418.60000014305115,422.14999997615814,408.14999997615814,405.59999990463257,431.35000002384186,428.14999997615814,373.2500001192093,377.2000000476837,397.2000000476837,407.200000166893,400.75,395.5,3.5499998331069946,-2.5500000715255737,-3.200000047683716,3.9499999284744263,10.00000011920929,-5.25
oj7dfs8q,371.5,363.35000002384186,371.2000000476837,372.5500000715256,358,353.35000002384186,334.7999999523163,333.7000000476837,340,339.30000019073486,327.89999997615814,332.0499999523163,-8.149999976158142,1.350000023841858,-4.649999976158142,-1.0999999046325684,-0.6999998092651367,4.149999976158142
ojgtxh4b,321.5,340.25,321.09999999403954,331.30000001192093,320.59999999403954,345.09999999403954,284.90000000596046,292.19999998807907,317.24999998509884,314.3999999910593,302.65000000596046,302.79999999701977,18.75,10.200000017881393,24.5,7.299999982118607,-2.8499999940395355,0.14999999105930328
op2f5tbq,370,367,364,370.5,359.5,396,369.5,370,358,373,363,372.5,-3,6.5,36.5,0.5,15,9.5
opoeebkv,420.90000000596046,410,412.199999988079,418.09999999403954,403.2000000178814,420.29999999701977,396.45000000298023,399.2999999821186,404.79999999701977,395.59999999403954,414.70000000298023,423.75,-10.900000005960464,5.900000005960521,17.099999979138374,2.8499999791383743,-9.200000002980232,9.049999997019768
orpo5v41,385.7000000476837,387.60000002384186,386.2999999523163,373.09999990463257,348.89999985694885,353.09999990463257,329.30000019073486,343.1999999284744,337.5,339.64999997615814,338.85000002384186,346.25,1.899999976158142,-13.200000047683716,4.200000047683716,13.899999737739563,2.149999976158142,7.399999976158142
ou69io2m,401.39999997615814,400.7999999523163,411.1999999284744,408.6999999284744,391.10000002384186,404.85000002384186,368.2999999523163,376.39999997615814,406.85000002384186,400.60000002384186,386.8499999642372,421.09999990463257,-0.6000000238418579,-2.5,13.75,8.100000023841858,-6.25,34.249999940395355
ov0ykrcj,401.2000000476837,379.40000009536743,366.2999999523163,375.7999999523163,388.450000166893,377.64999997615814,333.7999999523163,335.5,351.10000002384186,372.7000000476837,365.2000000476837,355.14999997615814,-21.799999952316284,9.5,-10.800000190734863,1.7000000476837158,21.600000023841858,-10.050000071525574
ov6zilsh,360.10000014305115,363.4500000476837,354.09999990463257,370.5,338.2000000476837,363.89999985694885,322.2000000476837,335.60000002384186,337.40000009536743,343.40000009536743,319.2999999523163,334.2999999523163,3.3499999046325684,16.40000009536743,25.699999809265137,13.399999976158142,6,15
ow986b5y,410,402,380,400.5,396.5,395,368,383,381,371,376,381,-8,20.5,-1.5,15,-10,5
oy96qcal,375.7000000476837,399.59999990463257,387.7500001192093,363.84999990463257,371.39999985694885,377.7999999523163,342,345.40000009536743,366.90000009536743,348.0499999523163,367.5,363.90000009536743,23.899999856948853,-23.90000021457672,6.400000095367432,3.4000000953674316,-18.850000143051147,-3.5999999046325684
p7r46bu5,394.59999990463257,395.7000000476837,399.9000000357628,388.64999997615814,386.3499999642372,427.60000002384186,345.5,346.94999998807907,355,361.94999998807907,375.05000001192093,373.80000001192093,1.1000001430511475,-11.250000059604645,41.250000059604645,1.449999988079071,6.949999988079071,-1.25
p82edp2y,363.44999998807907,351.4499999284744,365.89999997615814,346,324.10000002384186,321.09999990463257,325.10000002384186,316.7999999523163,325.89999997615814,323.2000000476837,316.1500000357628,322.1999999284744,-12.000000059604645,-19.899999976158142,-3.0000001192092896,-8.300000071525574,-2.6999999284744263,6.049999892711639
pc2f0ui6,439.2000000476837,447.40000009536743,414,424.69999980926514,384.7000000476837,394.89999997615814,352.60000002384186,352.2999999523163,356.2499998807907,350.6999999284744,398.10000002384186,399.85000002384186,8.200000047683716,10.699999809265137,10.199999928474426,-0.30000007152557373,-5.549999952316284,1.75
pc4rm08d,420.39999997615814,427.60000002384186,436.2000000476837,447.69999998807907,461.7000000476837,450.44999998807907,341.39999997615814,337.4000000357628,364.60000002384186,358.60000002384186,360.44999998807907,376.4000000357628,7.200000047683716,11.499999940395355,-11.250000059604645,-3.9999999403953552,-6,15.950000047683716
pft5n8y6,354.30000001192093,349.30000001192093,351.05000001192093,347.10000002384186,331,325.89999997615814,314.8000000715256,323.5,318.5,323.49999994039536,317.10000002384186,313.10000002384186,-5,-3.949999988079071,-5.100000023841858,8.699999928474426,4.999999940395355,-4
pl9my9hx,390.60000014305115,395.15000009536743,387.09999990463257,376.7500001192093,365.1999999284744,376.0499999523163,341.64999997615814,358.7999999523163,369.60000002384186,366.2499998807907,354.09999990463257,352.89999985694885,4.549999952316284,-10.349999785423279,10.850000023841858,17.149999976158142,-3.3500001430511475,-1.2000000476837158
pozsjx4f,396.65000000596046,398,377.19999998807907,385.2500000298023,362.9000000357628,371.300000011921,310.44999998807907,310.5499999821186,324.9500000178814,322.5,328.2999999523163,333.30000001192093,1.3499999940395355,8.050000041723251,8.399999976158199,0.09999999403953552,-2.4500000178813934,5.000000059604645
pp56h32v,333.95000000298023,336.8500000089407,336.2000000178814,333.7000000178814,329.45000000298023,337.69999998807907,315.59999999403954,317.8999999910593,317.84999999403954,316.70000000298023,324.95000000298023,330.95000000298023,2.9000000059604645,-2.5,8.249999985098839,2.2999999970197678,-1.1499999910593033,6
przvqjfv,425.90000000596046,413,421.59999999403954,417.54999999701977,418.54999999701977,423.7999999821186,362.54999999701977,368.40000000596046,385.2999999821186,381.09999999403954,368.89999997615814,362.90000000596046,-12.900000005960464,-4.049999997019768,5.249999985098839,5.850000008940697,-4.199999988079071,-5.999999970197678
pw6hk232,401.2999999523163,385.9999998807907,398.40000009536743,394,386.19999980926514,387.4500000476837,342.40000009536743,347.2000000476837,372.7000000476837,376,374,379.10000002384186,-15.300000071525574,-4.400000095367432,1.250000238418579,4.799999952316284,3.299999952316284,5.100000023841858
q2og7bcw,366,358.09999990463257,357.09999990463257,345.40000009536743,343.10000014305115,331,330.10000014305115,337.09999990463257,344.7000000476837,347.60000014305115,329.89999997615814,319.7999999523163,-7.900000095367432,-11.699999809265137,-12.100000143051147,6.999999761581421,2.9000000953674316,-10.100000023841858
qbftx87x,349,331.89999997615814,350.80000001192093,349.80000001192093,371.2499999701977,380.4500000178814,338.75,342.69999998807907,346.55000001192093,342.34999999403954,356.9000000357628,372.5,-17.100000023841858,-1,9.200000047683716,3.949999988079071,-4.200000017881393,15.599999964237213
qh2z8vvu,436.5499999821186,433.5,411.5,408,384.2999999821186,395.2000000476837,359.90000000596046,386.60000002384186,370.19999998807907,385.89999997615814,386.5499999821186,391.5,-3.0499999821186066,-3.5,10.90000006556511,26.700000017881393,15.699999988079071,4.950000017881393
qkicgoft,348,377.7999999523163,369.64999997615814,396.39999997615814,341.34999990463257,360.5499999523163,317.5,320.15000009536743,330.35000002384186,344.10000002384186,330.25,333.2000000476837,29.799999952316284,26.75,19.200000047683716,2.6500000953674316,13.75,2.950000047683716
qqwe9imb,375.75,378.30000019073486,379.5,371.40000009536743,364.7500001192093,389.85000002384186,327.9499999284744,321.40000009536743,334.7000000476837,338,340.59999990463257,348.85000002384186,2.5500001907348633,-8.099999904632568,25.09999990463257,-6.549999833106995,3.299999952316284,8.25000011920929
qraan3df,437.64999997615814,443.40000009536743,467.6999999284744,468.7000000476837,450.90000009536743,434,384.59999990463257,400.19999980926514,414.14999997615814,411.25,371.0499999523163,370.2999999523163,5.7500001192092896,1.0000001192092896,-16.90000009536743,15.599999904632568,-2.899999976158142,-0.75
qt76109e,493.3999999985099,485.80000000447035,428.6000000014901,417.5,408.5000000037253,440.6499999985099,392.3500000014901,380.79999999701977,419.8500000014901,425.70000000298023,417.6000000014901,428.19999999552965,-7.5999999940395355,-11.100000001490116,32.149999994784594,-11.550000004470348,5.850000001490116,10.599999994039536
qtl2vxy4,325.14999997615814,330,323.89999985694885,323,300.7500001192093,314.80000019073486,299.9500000476837,307.80000019073486,334.39999997615814,338.4499999284744,318.10000002384186,335.40000009536743,4.850000023841858,-0.8999998569488525,14.050000071525574,7.8500001430511475,4.049999952316284,17.300000071525574
qw0603kl,434.5,454.90000009536743,413.59999990463257,411.65000009536743,397.89999985694885,423.9500002861023,354.3999996185303,366.7499997615814,377.5499999523163,372.80000019073486,372.4500000476837,372.25,20.40000009536743,-1.9499998092651367,26.050000429153442,12.350000143051147,-4.749999761581421,-0.20000004768371582
qyefhmeo,321.5,330,335,343.5,337,349,294,317,322,329,321,336,8.5,8.5,12,23,7,15
r0jqeaev,352,349,356,347,359,361,320,344,327,348,341,337.5,-3,-9,2,24,21,-3.5
r1rsvgco,383.40000000037253,389.55000000074506,369.95000000018626,393.09999999962747,377.1000000005588,380.6000000005588,352.7999999988824,357,352.7999999988824,356.0499999988824,381.3999999985099,384.6000000014901,6.150000000372529,23.149999999441206,3.5,4.200000001117587,3.25,3.2000000029802322
r84jyjzi,302.40000009536743,301.2999999523163,295.85000002384186,298.39999997615814,284,286.39999997615814,267.25,274.2000000476837,280.5,289.8000000715256,286.39999997615814,294.40000009536743,-1.1000001430511475,2.549999952316284,2.399999976158142,6.950000047683716,9.300000071525574,8.00000011920929
r9pl56hp,349.5499999523163,336.59999990463257,367.7999999523163,370,355.90000009536743,350.5,312.2000000476837,311.90000009536743,321.19999980926514,328.7999999523163,330.5,340.69999980926514,-12.950000047683716,2.200000047683716,-5.400000095367432,-0.2999999523162842,7.6000001430511475,10.199999809265137
rwtn9oet,412.5,407.60000002384186,443.5,429.10000002384186,449.5,431.5,411.94999998807907,419.60000002384186,437,424.60000002384186,402,398,-4.899999976158142,-14.399999976158142,-18,7.650000035762787,-12.399999976158142,-4
s6ye1o1i,446.5,429.40000009536743,448.39999985694885,449.59999990463257,417.5500000715256,407.84999990463257,388.5,416.19999980926514,418.7999999523163,410.39999985694885,412.5,424.39999997615814,-17.09999990463257,1.2000000476837158,-9.700000166893005,27.699999809265137,-8.400000095367432,11.899999976158142
sckw9xi2,446.0499999523163,470.3999996185303,427.4500000476837,443,430.7999997138977,441.5,431.59999990463257,422.40000009536743,412.7000000476837,410.19999980926514,415.5499999523163,438.19999980926514,24.34999966621399,15.549999952316284,10.700000286102295,-9.199999809265137,-2.500000238418579,22.649999856948853
si7hbkx8,438.5,428.89999985694885,451.7000000476837,472.59999990463257,477.7999999523163,489.5499999523163,420.2999999523163,442.2000000476837,449.2999999523163,440.9499999284744,427,453.2999999523163,-9.600000143051147,20.899999856948853,11.75,21.90000009536743,-8.350000023841858,26.299999952316284
sjmltdl9,342.1999999284744,335.35000002384186,344.0499999523163,346.19999998807907,347.10000002384186,350.2000000476837,327.75,348.60000002384186,346.5,347.89999997615814,329.6500000357628,358.60000002384186,-6.849999904632568,2.150000035762787,3.100000023841858,20.850000023841858,1.399999976158142,28.94999998807907
sjp7cniy,334,342.5,324,325.5,331,333,332,337,332,328,333,342,8.5,1.5,2,5,-4,9
sl71orxp,342.60000000009313,336.70000000006985,343.60000000009313,343,343.05000000004657,342.5,312.09999999962747,314.70000000018626,342.70000000018626,350.6999999997206,335.1000000005588,339.8000000002794,-5.900000000023283,-0.6000000000931323,-0.5500000000465661,2.6000000005587935,7.999999999534339,4.699999999720603
sm7365pn,334,349,330.59999990463257,327,328.40000009536743,336.5,298,311.90000009536743,326.39999985694885,314.14999997615814,335.39999997615814,327.30000019073486,15,-3.5999999046325684,8.099999904632568,13.900000095367432,-12.24999988079071,-8.099999785423279
t4wh6a8a,434.10000002384186,447.60000002384186,424.7999999523163,447.2999999523163,399.7999999523163,409.80000001192093,376.9000000357628,388.40000009536743,391.85000002384186,394.60000002384186,362.1999999284744,376.1499999165535,13.5,22.5,10.000000059604645,11.500000059604645,2.75,13.949999988079071
tcvcarp3,336.59999999403954,327.05000001192093,331.7000000178814,334.79999999701977,323.80000001192093,326.25,296.40000000596046,301.09999999403954,311.20000000298023,305.2000000178814,288.09999999403954,298.5,-9.549999982118607,3.0999999791383743,2.449999988079071,4.699999988079071,-5.999999985098839,10.400000005960464
td18pjfx,371.60000014305115,370.3000000715256,367.09999990463257,382,382.2000000476837,383.19999980926514,374.7000000476837,375.60000014305115,387.2999999523163,391.14999997615814,373,377,-1.3000000715255737,14.900000095367432,0.9999997615814209,0.9000000953674316,3.850000023841858,4
teq2jd9p,403.89999985694885,427.7999999523163,408.2499998807907,442.2000000476837,393,424.7999999523163,361.39999997615814,377.10000002384186,386.89999997615814,400.9499999284744,377.7000000476837,394.65000009536743,23.90000009536743,33.950000166893005,31.799999952316284,15.700000047683716,14.049999952316284,16.950000047683716
tjix77rv,312.7000000011176,329.90000000037253,316.1499999994412,325.69999999925494,309.34999999962747,339.65000000037253,306.1499999994412,321.75,322.8999999985099,325.69999999925494,334.15000000037253,349.30000000074506,17.199999999254942,9.549999999813735,30.300000000745058,15.600000000558794,2.800000000745058,15.150000000372529
tkc3bql3,319.3999999910593,315.70000000298023,322.84999999403954,329.3500000014901,315,321.5,296.20000000298023,308.2499999925494,309.40000000596046,300.8999999910593,290.3999999910593,317.09999999403954,-3.699999988079071,6.500000007450581,6.5,12.049999989569187,-8.500000014901161,26.700000002980232
tlv2ma31,406.0999999996274,400.80000000004657,391,402.8499999998603,402.10000000009313,395.95000000018626,357.00000000046566,372.79999999981374,365.70000000018626,353.20000000018626,360.04999999981374,366.85000000009313,-5.299999999580848,11.849999999860302,-6.149999999906868,15.799999999348074,-12.5,6.800000000279397
tngsmbfb,372.5,366.70000000018626,371.20000000018626,378,372.30000000004657,374.39999999990687,368.6999999997206,370.64999999990687,363.75000000046566,359.5,354.59999999962747,366.79999999981374,-5.7999999998137355,6.7999999998137355,2.0999999998603016,1.9500000001862645,-4.250000000465661,12.200000000186265
twjbvnlp,349.19999980926514,357.90000009536743,350.1000003814697,339.09999990463257,330.80000019073486,344.40000009536743,317.2999999523163,317.69999980926514,326.19999980926514,330,326.5,332.90000009536743,8.700000286102295,-11.000000476837158,13.599999904632568,0.39999985694885254,3.8000001907348633,6.400000095367432
txj3817a,373.10000002384186,364.3000000715256,363.89999997615814,379.90000009536743,363.4500000476837,349.59999990463257,350.5,359.39999997615814,366.3000000715256,356.80000001192093,343.35000002384186,339.5,-8.799999952316284,16.00000011920929,-13.850000143051147,8.899999976158142,-9.500000059604645,-3.850000023841858
u2woyp9g,424.30000019073486,404.35000014305115,399.35000014305115,372.7499997615814,360.7500002384186,387.30000019073486,313.40000009536743,319.7000000476837,372.80000019073486,369.69999980926514,347.30000019073486,383.09999990463257,-19.950000047683716,-26.600000381469727,26.549999952316284,6.299999952316284,-3.1000003814697266,35.799999713897705
u32swc61,331.35000002384186,321.2000000476837,332.69999998807907,338.2999999523163,325.5,319.55000001192093,330.85000002384186,336.0999999642372,322.0999999642372,314.10000002384186,310.60000002384186,312.89999997615814,-10.149999976158142,5.599999964237213,-5.949999988079071,5.249999940395355,-7.999999940395355,2.299999952316284
u8ofwyp7,401.1500000357628,381.7000000178814,363.84999999403954,389.25,360.10000002384186,379.4000000357628,315.59999999403954,325.60000002384186,315.5,325.80000001192093,324.9999999701977,336.59999999403954,-19.450000017881393,25.400000005960464,19.30000001192093,10.000000029802322,10.300000011920929,11.600000023841858
u958vef7,340,355,341,354,340,340.5,313,321,331,322,318,338.5,15,13,0.5,8,-9,20.5
ud3qt2ba,513.1499999761581,485.14999997615814,447.39999985694885,446.90000009536743,432.60000014305115,441.4500000476837,388.10000014305115,393.9500000476837,402.7000000476837,381.60000014305115,403.7000000476837,409.0500000715256,-28,-0.4999997615814209,8.849999904632568,5.849999904632568,-21.09999990463257,5.350000023841858
un3gjc1s,327.79999999701977,336,306.54999999701977,323.04999999701977,313.3500000014901,333.79999999701977,300.79999999701977,308.7500000074506,328.3500000014901,340.59999999403954,314.5,334.20000000298023,8.200000002980232,16.5,20.44999999552965,7.950000010430813,12.24999999254942,19.700000002980232
usnnjdm9,358.69999999925494,355.8999999985099,366,363.2999999988824,364.4000000022352,368.5999999977648,325.8999999985099,338.69999999925494,354,340.0999999977648,359.80000000074506,351.6000000014901,-2.800000000745058,-2.700000001117587,4.199999995529652,12.800000000745058,-13.900000002235174,-8.199999999254942
ut85pm0q,378.89999997615814,376.5,383.90000009536743,383.5,390,391.30000019073486,375.2999999523163,371.65000009536743,360.10000002384186,350.75,356.35000002384186,358.19999980926514,-2.399999976158142,-0.40000009536743164,1.3000001907348633,-3.6499998569488525,-9.350000023841858,1.8499997854232788
uuurrbbj,386.2000000476837,383.7999999523163,412.64999997615814,425.0000001192093,420.5499999523163,416.19999980926514,359.5,359.2000000476837,375.7000000476837,366.7999999523163,370.90000009536743,378.59999990463257,-2.4000000953674316,12.350000143051147,-4.3500001430511475,-0.2999999523162842,-8.900000095367432,7.699999809265137
uzghar5a,414.30000019073486,420.15000009536743,410.30000019073486,421.5000001192093,386.2999999523163,402.7999999523163,383.1999999284744,387.5499999523163,373.75,401.7999999523163,383.0500000715256,400.59999990463257,5.849999904632568,11.199999928474426,16.5,4.350000023841858,28.049999952316284,17.549999833106995
v6fn4eru,465,473,423.5,419,416,416,425.5,414.5,448.5,449,459.5,449,8,-4.5,0,-11,0.5,-10.5
v7zfve4a,409.0999999642372,410.199999988079,390.699999988079,416.59999999403954,390.85000002384186,401.25,381.5,394.300000011921,394.14999997615814,413.2999999821186,391.15000000596046,403.699999988079,1.100000023841801,25.90000000596052,10.399999976158142,12.800000011920986,19.150000005960464,12.54999998211855
vduxnyfy,389.89999997615814,398.05000001192093,402.2999999523163,387.75,345,347,328.2000000476837,339,353.19999998807907,343.10000002384186,340.14999997615814,347.44999998807907,8.150000035762787,-14.549999952316284,2,10.799999952316284,-10.099999964237213,7.300000011920929
vl6m2tlj,400.5,404.00000005960464,377.89999997615814,350.69999998807907,394.39999997615814,430.9000000357628,371.8499999642372,364.6999999284744,393.10000002384186,391.44999998807907,374.7000000476837,388.5,3.5000000596046448,-27.19999998807907,36.500000059604645,-7.150000035762787,-1.6500000357627869,13.799999952316284
vrydb0xr,427,423,393.89999997615814,390.7000000476837,393,389.9500000476837,381.85000002384186,400.6999999284744,384.2999999523163,368.05000001192093,373.10000002384186,370.00000005960464,-4,-3.1999999284744263,-3.049999952316284,18.84999990463257,-16.249999940395355,-3.099999964237213
vs7415pm,435.75,444.80000000074506,433,464.79999999981374,413.3999999994412,430.25,374.9000000003726,381.44999999925494,416.0999999996274,385.20000000018626,379.4000000003726,377.2000000011176,9.050000000745058,31.799999999813735,16.850000000558794,6.549999998882356,-30.89999999944115,-2.199999999254999
vz5xf26j,320.60000002384186,342.19999998807907,334.69999998807907,343.35000002384186,331.60000002384186,340.69999998807907,318.7999999523163,326.0999999642372,335.25,325.60000002384186,326,349,21.599999964237213,8.650000035762787,9.099999964237213,7.300000011920929,-9.649999976158142,23
w6fxd0ct,368.1499999985099,375.6000000014901,377.59999999403954,372.20000000298023,384.09999999403954,391.6000000014901,361.7499999925494,368,361.6000000089407,362.09999999403954,376.90000000596046,362.800000011921,7.450000002980232,-5.399999991059303,7.500000007450581,6.250000007450581,0.4999999850988388,-14.099999994039479
weakyj8i,376.89999997615814,369.5,367.04999999701977,360.70000000298023,360.90000000596046,350.5,330.59999999403954,334.09999999403954,335.90000000596046,345.15000000596046,343,336.7000000178814,-7.399999976158142,-6.3499999940395355,-10.400000005960464,3.5,9.25,-6.299999982118607
wl1d54gn,499.2000000178814,532.2999999821186,485.5,460.54999999701977,435.199999988079,479.8500000089407,449,444.09999999403954,471.04999999701977,472.84999999403954,447.09999999403954,448.6000000089407,33.09999996423721,-24.950000002980232,44.65000002086168,-4.9000000059604645,1.7999999970197678,1.5000000149011612
x0p6rm1y,347.05000000447035,358.59999999403954,349.5,341.5,328.20000000298023,353.09999999403954,319.25,317.79999999701977,344.45000000298023,349.54999999701977,335.5,321.5000000074506,11.549999989569187,-8,24.899999991059303,-1.4500000029802322,5.0999999940395355,-13.99999999254942
x0xukvie,404,401.5,383.5,371,349.5,365,320,323,349.5,344,346,340,-2.5,-12.5,15.5,3,-5.5,-6
x3yr520m,387,383.7000000476837,359.64999997615814,388.60000002384186,361.39999997615814,363.3499999642372,329.6499999165535,332.85000002384186,346.7999999523163,332.2000000476837,323.4500000476837,346.5,-3.299999952316284,28.950000047683716,1.949999988079071,3.2000001072883606,-14.599999904632568,23.049999952316284
x7813yq0,477.90000009536743,477.3000000715256,514,487.35000014305115,451.60000014305115,473.7999999523163,392.7000000476837,406.1999999284744,436.75,423.84999990463257,436.60000014305115,441.5,-0.6000000238418579,-26.649999856948853,22.199999809265137,13.49999988079071,-12.900000095367432,4.8999998569488525
xivwne6i,429.39999997615814,462,419.10000002384186,400.64999997615814,432.5,404.90000009536743,411.09999990463257,422.10000014305115,390.7000000476837,402.60000002384186,391.5,377.90000009536743,32.60000002384186,-18.450000047683716,-27.59999990463257,11.000000238418579,11.899999976158142,-13.599999904632568
xmklclsz,489.199999988079,478.20000000298023,508.7000000178814,537.6000000089407,464.1499999910593,462.699999988079,406.800000011921,418.90000000596046,439.10000002384186,447,428.5,431,-10.999999985098782,28.899999991059303,-1.450000002980289,12.099999994039479,7.899999976158142,2.5
xroufr90,455.69999998807907,445.1500000357628,418.10000002384186,443.89999997615814,488.2000000476837,480.5999999642372,448.90000009536743,438.64999997615814,451.39999997615814,463.90000009536743,408.5,416.89999997615814,-10.549999952316284,25.799999952316284,-7.600000083446503,-10.25000011920929,12.50000011920929,8.399999976158142
xuhuv8lc,332.40000000596046,327,341.40000000596046,350.55000001192093,345.5,345.5,311.90000000596046,327.75,324.30000001192093,323.29999999701977,307.59999999403954,327.90000000596046,-5.4000000059604645,9.150000005960464,0,15.849999994039536,-1.0000000149011612,20.30000001192093
y0w9ndc3,330.7999999523163,335.4500000476837,342,351.2999999523163,352.59999990463257,349.80000019073486,317.2999999523163,320.5,348.7000000476837,346.14999997615814,338.15000009536743,352.09999990463257,4.650000095367432,9.299999952316284,-2.799999713897705,3.200000047683716,-2.5500000715255737,13.949999809265137
y4t0c0hk,467.5,502.1999999284744,437.8499999642372,417.30000001192093,377.64999997615814,396.7000000476837,363.89999997615814,368.25,367.89999997615814,364.00000005960464,342.60000002384186,345.05000001192093,34.699999928474426,-20.549999952316284,19.050000071525574,4.350000023841858,-3.8999999165534973,2.449999988079071
yc475tvl,475,417.7000000476837,424.10000014305115,449.5,416.2999999523163,388.5500000715256,344.2000000476837,346.10000014305115,395.5,400.5,389.9499999284744,388.2999999523163,-57.299999952316284,25.399999856948853,-27.74999988079071,1.9000000953674316,5,-1.649999976158142
yozvkl9c,411,396,406.5,411,373,379,353,369,373,361,361,370,-15,4.5,6,16,-12,9
yq8ep1z3,384.7500000074506,389.40000000596046,395.45000000298023,414,391.30000000447035,409.90000000596046,357.90000000596046,352.70000000298023,383.40000000596046,380.04999999701977,366.59999999403954,374.6000000089407,4.649999998509884,18.549999997019768,18.600000001490116,-5.200000002980232,-3.3500000089406967,8.000000014901161
yrsr94ov,383.7999997138977,370.14999985694885,388.30000019073486,392.64999985694885,397.89999985694885,401.40000009536743,347.5,375.30000019073486,385,373.55000019073486,369.19999980926514,406,-13.649999856948853,4.349999666213989,3.500000238418579,27.800000190734863,-11.449999809265137,36.80000019073486
ywgayqt6,408.25,418.60000002384186,392.09999999403954,385.5999999791384,369.300000011921,377.300000011921,397.40000000596046,424,423.80000001192093,401.40000000596046,413.39999997615814,416.90000000596046,10.350000023841858,-6.500000014901161,8,26.599999994039536,-22.400000005960464,3.5000000298023224
yyfbdu0b,400,426.5,410,407,390,398.5,346,354,454.5,507,370,386,26.5,-3,8.5,8,52.5,16
yz3rkgxg,434.40000000596046,468.3999999910593,497.800000011921,497.79999999701977,452.45000000298023,443.1000000014901,407.04999999701977,406.75,470.69999999552965,447.05000000447035,449.1499999985099,471.40000000596046,33.99999998509884,-1.4901218037266517e-8,-9.350000001490116,-0.29999999701976776,-23.649999991059303,22.25000000745058
z0qweezh,405.64999997615814,412.60000014305115,402.89999985694885,409.35000002384186,401.7499998807907,396.40000009536743,390.2500001192093,384.90000009536743,388.09999990463257,388.0499999523163,382.2999999523163,416.39999997615814,6.950000166893005,6.450000166893005,-5.349999785423279,-5.350000023841858,-0.04999995231628418,34.10000002384186
z3zuaqyi,328,334.40000000596046,337.5,347.7999999821186,327.84999999403954,343.75,304.95000000298023,299.7999999821186,333,337.29999999701977,344.5,348.30000001192093,6.4000000059604645,10.299999982118607,15.900000005960464,-5.150000020861626,4.299999997019768,3.800000011920929
z7bic0rf,333.5499999523163,342.7999999523163,336.09999990463257,341,336.65000009536743,353.85000002384186,292.69999980926514,313.89999997615814,320,307.2999999523163,319.5500000715256,338.2000000476837,9.25,4.900000095367432,17.199999928474426,21.200000166893005,-12.700000047683716,18.649999976158142
za9gkd6c,373.8499999642372,368.05000001192093,366.0500000715256,382.2999999523163,366.10000002384186,375.60000002384186,319.9499999284744,331.2000000476837,353.90000009536743,335.39999997615814,372.89999997615814,382,-5.799999952316284,16.24999988079071,9.5,11.25000011920929,-18.50000011920929,9.100000023841858
zc2uy687,347.5,351,364.5,366,354.5,357,333.5,334,344,335.5,342,341,3.5,1.5,2.5,0.5,-8.5,-1
ze5i9tkz,485.09999990463257,500.90000009536743,440.80000019073486,419.7999999523163,431.2999999523163,413.75,371.89999985694885,397.2500001192093,425.0500000715256,404.69999980926514,385,395.7999999523163,15.800000190734863,-21.00000023841858,-17.549999952316284,25.350000262260437,-20.350000262260437,10.799999952316284
zgi28emw,456.60000014305115,468.85000002384186,439.60000014305115,442.3000000715256,434.34999990463257,426.85000002384186,383.59999990463257,376.10000002384186,396.35000002384186,400.39999997615814,384.09999990463257,416.10000002384186,12.24999988079071,2.6999999284744263,-7.4999998807907104,-7.4999998807907104,4.049999952316284,32.00000011920929
zmlkdgl5,343,338,351,356,340,348,321,334,336,336.5,336,355.5,-5,5,8,13,0.5,19.5
zn7thjg0,345.7000000476837,343.75000005960464,349.60000002384186,366.0999999642372,352.5,360.6999999284744,318.7000000476837,325.5,319.2999999523163,324.2000000476837,336.69999998807907,340.1999999284744,-1.949999988079071,16.499999940395355,8.199999928474426,6.799999952316284,4.900000095367432,3.4999999403953552
zqa7txui,387.3499999977648,396.90000000596046,387.4000000022352,386.55000000074506,373.6499999985099,385.5,376.94999999925494,384.05000000074506,381.1000000014901,378.05000000074506,386.3500000014901,385,9.550000008195639,-0.8500000014901161,11.850000001490116,7.100000001490116,-3.050000000745058,-1.3500000014901161
zrfresc1,390.5,421.0499999523163,383.2000000476837,367.7000000476837,379.0500000715256,375,359.89999997615814,368.10000014305115,392.7999999523163,375.10000002384186,380.7999999523163,389.89999997615814,30.549999952316284,-15.5,-4.050000071525574,8.200000166893005,-17.699999928474426,9.100000023841858
zrn2grix,389.59999990463257,384.5,396.55000001192093,410.75,397,400.3000000715256,351.94999998807907,352.60000002384186,362.3000000715256,372,369.7999999523163,362.7000000476837,-5.099999904632568,14.199999988079071,3.3000000715255737,0.6500000357627869,9.699999928474426,-7.099999904632568
zshuyb8c,367.39999997615814,370.84999990463257,356.3000000715256,369.15000009536743,351.39999985694885,358.65000009536743,328.5,328.59999990463257,345.450000166893,340.75,334.4500000476837,333.15000009536743,3.4499999284744263,12.850000023841858,7.250000238418579,0.09999990463256836,-4.700000166893005,-1.2999999523162842
zxd44db3,337.1999999284744,338.59999990463257,333.5,339.2000000476837,322.9499999284744,337,279.10000014305115,278.34999990463257,315.7000000476837,323.5499999523163,348.7999999523163,350.59999990463257,1.399999976158142,5.700000047683716,14.050000071525574,-0.7500002384185791,7.849999904632568,1.7999999523162842
zy448n7y,503.6499999985099,461,477.8999999985099,497.05000000074506,415.2999999988824,426.9000000022352,403.19999999925494,438.5,455.19999999925494,410.4000000022352,435.1000000014901,431.0999999977648,-42.649999998509884,19.150000002235174,11.600000003352761,35.30000000074506,-44.79999999701977,-4.00000000372529
