id,bin,triplet_type,median_rt
02012588,1,H,383.2000000178814
02012588,1,L,389.800000011921
02012588,2,H,384.2999999821186
02012588,2,L,415.59999999403954
02012588,3,H,370.5
02012588,3,L,369.39999997615814
02012588,4,H,352.30000001192093
02012588,4,L,359.80000001192093
02012588,5,H,369.90000000596046
02012588,5,L,386.199999988079
02012588,6,H,359.15000000596046
02012588,6,L,372.699999988079
02hhn3yb,1,H,379.7999999523163
02hhn3yb,1,L,380.14999997615814
02hhn3yb,2,H,357.60000002384186
02hhn3yb,2,L,402.7999999523163
02hhn3yb,3,H,355.5
02hhn3yb,3,L,385.9000000357628
02hhn3yb,4,H,352.2999999523163
02hhn3yb,4,L,395.8000000715256
02hhn3yb,5,H,382.39999997615814
02hhn3yb,5,L,376.39999997615814
02hhn3yb,6,H,358.7999999523163
02hhn3yb,6,L,385.94999998807907
09u7vlj7,1,H,334.2000000476837
09u7vlj7,1,L,344.09999990463257
09u7vlj7,2,H,340.5
09u7vlj7,2,L,349
09u7vlj7,3,H,333.7000000476837
09u7vlj7,3,L,336.10000002384186
09u7vlj7,4,H,308.9500000476837
09u7vlj7,4,L,315.64999997615814
09u7vlj7,5,H,328.7000000476837
09u7vlj7,5,L,325.2999999523163
09u7vlj7,6,H,316.89999997615814
09u7vlj7,6,L,329.89999997615814
0jutvml5,1,H,353.7000000476837
0jutvml5,1,L,354.0500000715256
0jutvml5,2,H,345.14999997615814
0jutvml5,2,L,347.59999990463257
0jutvml5,3,H,337.60000014305115
0jutvml5,3,L,340.0499999523163
0jutvml5,4,H,305.7499998807907
0jutvml5,4,L,307.89999985694885
0jutvml5,5,H,321.14999997615814
0jutvml5,5,L,331
0jutvml5,6,H,309.90000009536743
0jutvml5,6,L,328.39999985694885
0ldaeete,1,H,368
0ldaeete,1,L,348.5
0ldaeete,2,H,356
0ldaeete,2,L,360.5
0ldaeete,3,H,362
0ldaeete,3,L,362
0ldaeete,4,H,368.5
0ldaeete,4,L,374
0ldaeete,5,H,371
0ldaeete,5,L,367
0ldaeete,6,H,412
0ldaeete,6,L,420
0qlz7yxg,1,H,390
0qlz7yxg,1,L,394
0qlz7yxg,2,H,377
0qlz7yxg,2,L,387
0qlz7yxg,3,H,373.5
0qlz7yxg,3,L,395.5
0qlz7yxg,4,H,337
0qlz7yxg,4,L,342
0qlz7yxg,5,H,353
0qlz7yxg,5,L,371
0qlz7yxg,6,H,345.5
0qlz7yxg,6,L,367
0v04fxma,1,H,459.8500000014901
0v04fxma,1,L,461.09999999403954
0v04fxma,2,H,421.79999999701977
0v04fxma,2,L,425.55000000447035
0v04fxma,3,H,363.1000000089407
0v04fxma,3,L,367.5
0v04fxma,4,H,345.1499999985099
0v04fxma,4,L,348
0v04fxma,5,H,352.5
0v04fxma,5,L,354.5
0v04fxma,6,H,362.30000000447035
0v04fxma,6,L,368.800000011921
10gr6k2l,1,H,365.09999990463257
10gr6k2l,1,L,367.59999990463257
10gr6k2l,2,H,374.4500000476837
10gr6k2l,2,L,360.59999990463257
10gr6k2l,3,H,371.35000002384186
10gr6k2l,3,L,375.90000009536743
10gr6k2l,4,H,337
10gr6k2l,4,L,343.7999999523163
10gr6k2l,5,H,356.7999999523163
10gr6k2l,5,L,348.84999990463257
10gr6k2l,6,H,365.10000014305115
10gr6k2l,6,L,361.7000000476837
11qq9hxf,1,H,411.9999998807907
11qq9hxf,1,L,408.59999990463257
11qq9hxf,2,H,419.60000014305115
11qq9hxf,2,L,428.5499999523163
11qq9hxf,3,H,381.5
11qq9hxf,3,L,395.75
11qq9hxf,4,H,337.2999999523163
11qq9hxf,4,L,357.59999990463257
11qq9hxf,5,H,366.2999999523163
11qq9hxf,5,L,363.39999985694885
11qq9hxf,6,H,368.5500000715256
11qq9hxf,6,L,379
14g6hv8k,1,H,473.19999999995343
14g6hv8k,1,L,503.19999999995343
14g6hv8k,2,H,462.20000000006985
14g6hv8k,2,L,442.19999999995343
14g6hv8k,3,H,423.1500000000233
14g6hv8k,3,L,438.6500000000233
14g6hv8k,4,H,399.8999999994412
14g6hv8k,4,L,388.25
14g6hv8k,5,H,410.0500000002794
14g6hv8k,5,L,445.39999999990687
14g6hv8k,6,H,391.29999999981374
14g6hv8k,6,L,386.29999999981374
16j46xy8,1,H,439.19999998807907
16j46xy8,1,L,448.199999988079
16j46xy8,2,H,399.699999988079
16j46xy8,2,L,427.6500000357628
16j46xy8,3,H,394.7999999821186
16j46xy8,3,L,404.39999997615814
16j46xy8,4,H,342.9500000178814
16j46xy8,4,L,346.4500000178814
16j46xy8,5,H,392.69999998807907
16j46xy8,5,L,393.7499999701977
16j46xy8,6,H,410.199999988079
16j46xy8,6,L,409.699999988079
1dyyaw4b,1,H,319.09999990463257
1dyyaw4b,1,L,325.75
1dyyaw4b,2,H,320.85000002384186
1dyyaw4b,2,L,340.25
1dyyaw4b,3,H,315.7999999523163
1dyyaw4b,3,L,318.7000000476837
1dyyaw4b,4,H,303.2000000476837
1dyyaw4b,4,L,304.90000009536743
1dyyaw4b,5,H,316.2000000476837
1dyyaw4b,5,L,313.3000000715256
1dyyaw4b,6,H,317.5
1dyyaw4b,6,L,326.0499999523163
1lb7tbr7,1,H,388.40000000596046
1lb7tbr7,1,L,371.65000000596046
1lb7tbr7,2,H,376.79999999701977
1lb7tbr7,2,L,398.59999999403954
1lb7tbr7,3,H,376
1lb7tbr7,3,L,360
1lb7tbr7,4,H,337.90000000596046
1lb7tbr7,4,L,345.40000000596046
1lb7tbr7,5,H,371.1499999910593
1lb7tbr7,5,L,335.7000000178814
1lb7tbr7,6,H,331.40000000596046
1lb7tbr7,6,L,350.2000000178814
1xqec919,1,H,461.699999988079
1xqec919,1,L,454.7500000298023
1xqec919,2,H,430.80000001192093
1xqec919,2,L,454.15000000596046
1xqec919,3,H,398.9000000357628
1xqec919,3,L,414.300000011921
1xqec919,4,H,343.84999999403954
1xqec919,4,L,364.85000002384186
1xqec919,5,H,337.19999998807907
1xqec919,5,L,336.5
1xqec919,6,H,340
1xqec919,6,L,326
21xapnnh,1,H,409.2000000476837
21xapnnh,1,L,405.85000014305115
21xapnnh,2,H,392.7999999523163
21xapnnh,2,L,367.8000000715256
21xapnnh,3,H,365.35000002384186
21xapnnh,3,L,361.7499998807907
21xapnnh,4,H,340.0500000715256
21xapnnh,4,L,342.0500000715256
21xapnnh,5,H,369.5499999523163
21xapnnh,5,L,358.0499999523163
21xapnnh,6,H,376.7999999523163
21xapnnh,6,L,364.7999999523163
23h7rpbu,1,H,359.89999997615814
23h7rpbu,1,L,343.7000000476837
23h7rpbu,2,H,360.0499999523163
23h7rpbu,2,L,373.2999999523163
23h7rpbu,3,H,352.3000000715256
23h7rpbu,3,L,380.40000009536743
23h7rpbu,4,H,328.2999999523163
23h7rpbu,4,L,340.9499999284744
23h7rpbu,5,H,339.5
23h7rpbu,5,L,335.85000002384186
23h7rpbu,6,H,334.5
23h7rpbu,6,L,348
23rjqvom,1,H,365.15000009536743
23rjqvom,1,L,386.90000009536743
23rjqvom,2,H,356.6000003814697
23rjqvom,2,L,364.25
23rjqvom,3,H,341.80000019073486
23rjqvom,3,L,365.84999990463257
23rjqvom,4,H,341.90000009536743
23rjqvom,4,L,365.5499999523163
23rjqvom,5,H,371.3999996185303
23rjqvom,5,L,356.7000002861023
23rjqvom,6,H,380.30000019073486
23rjqvom,6,L,385.5
29ehzpe0,1,H,377.5
29ehzpe0,1,L,374.5
29ehzpe0,2,H,382
29ehzpe0,2,L,389
29ehzpe0,3,H,370
29ehzpe0,3,L,380
29ehzpe0,4,H,367
29ehzpe0,4,L,371
29ehzpe0,5,H,370
29ehzpe0,5,L,366
29ehzpe0,6,H,366
29ehzpe0,6,L,375
29zpbmmy,1,H,362.199999988079
29zpbmmy,1,L,370.75
29zpbmmy,2,H,387.89999997615814
29zpbmmy,2,L,371.300000011921
29zpbmmy,3,H,359.60000002384186
29zpbmmy,3,L,366.300000011921
29zpbmmy,4,H,328.10000002384186
29zpbmmy,4,L,323.5999999642372
29zpbmmy,5,H,340.9500000178814
29zpbmmy,5,L,350.35000002384186
29zpbmmy,6,H,335.5
29zpbmmy,6,L,340.2000000476837
2davx7nt,1,H,298.0499999523163
2davx7nt,1,L,313.25
2davx7nt,2,H,308.80000001192093
2davx7nt,2,L,310
2davx7nt,3,H,308.7999999523163
2davx7nt,3,L,307.64999997615814
2davx7nt,4,H,300.4000000357628
2davx7nt,4,L,297.59999990463257
2davx7nt,5,H,300.7999999523163
2davx7nt,5,L,313.89999997615814
2davx7nt,6,H,308.1000000834465
2davx7nt,6,L,305.60000002384186
2n6v1k3u,1,H,411.09999999403954
2n6v1k3u,1,L,430.70000000298023
2n6v1k3u,2,H,373.49999998509884
2n6v1k3u,2,L,383.39999997615814
2n6v1k3u,3,H,362.2999999821186
2n6v1k3u,3,L,377.199999988079
2n6v1k3u,4,H,366.25
2n6v1k3u,4,L,380.95000000298023
2n6v1k3u,5,H,387.40000000596046
2n6v1k3u,5,L,379.5
2n6v1k3u,6,H,373.3999999910593
2n6v1k3u,6,L,379.09999999403954
2v42ipxy,1,H,450.5499999821186
2v42ipxy,1,L,484.2000000178814
2v42ipxy,2,H,430.90000000596046
2v42ipxy,2,L,426.89999997615814
2v42ipxy,3,H,414.89999997615814
2v42ipxy,3,L,446.5
2v42ipxy,4,H,371.90000000596046
2v42ipxy,4,L,381.25
2v42ipxy,5,H,394.300000011921
2v42ipxy,5,L,405.29999999701977
2v42ipxy,6,H,377.59999999403954
2v42ipxy,6,L,411.3999999910593
2wl27dkz,1,H,328.90000009536743
2wl27dkz,1,L,332
2wl27dkz,2,H,339.59999990463257
2wl27dkz,2,L,351.7000000476837
2wl27dkz,3,H,336.14999997615814
2wl27dkz,3,L,361.59999990463257
2wl27dkz,4,H,308
2wl27dkz,4,L,310.5500000715256
2wl27dkz,5,H,319.7999999523163
2wl27dkz,5,L,318.9499999284744
2wl27dkz,6,H,305.4500000476837
2wl27dkz,6,L,312.5
2xn0szh6,1,H,392.0999999977648
2xn0szh6,1,L,408.79999999701977
2xn0szh6,2,H,399.8999999985099
2xn0szh6,2,L,390.1000000014901
2xn0szh6,3,H,374.5999999977648
2xn0szh6,3,L,399.6000000014901
2xn0szh6,4,H,420.5
2xn0szh6,4,L,425.69999999552965
2xn0szh6,5,H,395.1000000014901
2xn0szh6,5,L,419.1000000014901
2xn0szh6,6,H,430.8499999977648
2xn0szh6,6,L,409.29999999701977
2z10bv6a,1,H,342.7000000476837
2z10bv6a,1,L,332.799999833107
2z10bv6a,2,H,339.19999980926514
2z10bv6a,2,L,337.9500000476837
2z10bv6a,3,H,341
2z10bv6a,3,L,372.2000000476837
2z10bv6a,4,H,315.84999990463257
2z10bv6a,4,L,328.2999999523163
2z10bv6a,5,H,335.90000009536743
2z10bv6a,5,L,331.6999999284744
2z10bv6a,6,H,320.9500000476837
2z10bv6a,6,L,333.7000000476837
2zbxslpn,1,H,386.7000000476837
2zbxslpn,1,L,396.4500000476837
2zbxslpn,2,H,382.7999999523163
2zbxslpn,2,L,384.59999990463257
2zbxslpn,3,H,377.09999990463257
2zbxslpn,3,L,392.85000014305115
2zbxslpn,4,H,353.2000000476837
2zbxslpn,4,L,357.64999985694885
2zbxslpn,5,H,353.9500000476837
2zbxslpn,5,L,353.7000000476837
2zbxslpn,6,H,361.7499998807907
2zbxslpn,6,L,368.69999980926514
30a1bp8j,1,H,382.40000009536743
30a1bp8j,1,L,380.9499999284744
30a1bp8j,2,H,399.5
30a1bp8j,2,L,408
30a1bp8j,3,H,353.0499999523163
30a1bp8j,3,L,368.90000009536743
30a1bp8j,4,H,342.5
30a1bp8j,4,L,330.5000001192093
30a1bp8j,5,H,345.89999985694885
30a1bp8j,5,L,347.2499998807907
30a1bp8j,6,H,353.7999999523163
30a1bp8j,6,L,352.39999985694885
321yl4lz,1,H,382.10000002384186
321yl4lz,1,L,410.4000000357628
321yl4lz,2,H,394.84999999403954
321yl4lz,2,L,411.39999997615814
321yl4lz,3,H,381.5
321yl4lz,3,L,382.39999997615814
321yl4lz,4,H,356.2999999523163
321yl4lz,4,L,384.300000011921
321yl4lz,5,H,377.300000011921
321yl4lz,5,L,385.59999999403954
321yl4lz,6,H,385.09999999403954
321yl4lz,6,L,381.19999995827675
36eh4u39,1,H,393.19999980926514
36eh4u39,1,L,382.80000019073486
36eh4u39,2,H,377
36eh4u39,2,L,380.2999999523163
36eh4u39,3,H,399.90000009536743
36eh4u39,3,L,395
36eh4u39,4,H,339.4500000476837
36eh4u39,4,L,340.25
36eh4u39,5,H,364.5500000715256
36eh4u39,5,L,380.89999997615814
36eh4u39,6,H,362.7000000476837
36eh4u39,6,L,367.59999990463257
38k6v81o,1,H,454.09999990463257
38k6v81o,1,L,459.4500000476837
38k6v81o,2,H,450.2000000476837
38k6v81o,2,L,427.09999990463257
38k6v81o,3,H,415.5
38k6v81o,3,L,419.7999999523163
38k6v81o,4,H,421.89999997615814
38k6v81o,4,L,418.2000000476837
38k6v81o,5,H,439.5000001192093
38k6v81o,5,L,449.80000019073486
38k6v81o,6,H,442.5
38k6v81o,6,L,467.60000014305115
3942ithx,1,H,437.25
3942ithx,1,L,456.0499999821186
3942ithx,2,H,450.9999999701977
3942ithx,2,L,443
3942ithx,3,H,427.199999988079
3942ithx,3,L,448.800000011921
3942ithx,4,H,370.199999988079
3942ithx,4,L,364.84999999403954
3942ithx,5,H,382.2999999821186
3942ithx,5,L,386
3942ithx,6,H,405.60000002384186
3942ithx,6,L,424.2000000178814
3c48ijq4,1,H,350.80000001192093
3c48ijq4,1,L,359.7000000476837
3c48ijq4,2,H,366.84999999403954
3c48ijq4,2,L,356.80000001192093
3c48ijq4,3,H,362.699999988079
3c48ijq4,3,L,366.10000002384186
3c48ijq4,4,H,332.25
3c48ijq4,4,L,337.60000002384186
3c48ijq4,5,H,342
3c48ijq4,5,L,334
3c48ijq4,6,H,332.60000002384186
3c48ijq4,6,L,342.90000000596046
3o6c5jme,1,H,340.80000001192093
3o6c5jme,1,L,335.8000000715256
3o6c5jme,2,H,341.39999997615814
3o6c5jme,2,L,353.10000002384186
3o6c5jme,3,H,330.0999999642372
3o6c5jme,3,L,337.2999999523163
3o6c5jme,4,H,316
3o6c5jme,4,L,322.30000001192093
3o6c5jme,5,H,330
3o6c5jme,5,L,334.10000002384186
3o6c5jme,6,H,327.14999997615814
3o6c5jme,6,L,329.80000001192093
3z7js7ze,1,H,378.9000000357628
3z7js7ze,1,L,381
3z7js7ze,2,H,379.89999997615814
3z7js7ze,2,L,367.9000000357628
3z7js7ze,3,H,353.2999999523163
3z7js7ze,3,L,366.90000009536743
3z7js7ze,4,H,352
3z7js7ze,4,L,362.7000000476837
3z7js7ze,5,H,347.8000000715256
3z7js7ze,5,L,345.2000000476837
3z7js7ze,6,H,349.19999998807907
3z7js7ze,6,L,340.30000001192093
4c4vv6fg,1,H,439.2000000476837
4c4vv6fg,1,L,445.25
4c4vv6fg,2,H,438.75
4c4vv6fg,2,L,441.39999997615814
4c4vv6fg,3,H,431.25
4c4vv6fg,3,L,432.2000000476837
4c4vv6fg,4,H,396.10000002384186
4c4vv6fg,4,L,400.2999999523163
4c4vv6fg,5,H,415.75
4c4vv6fg,5,L,408.69999998807907
4c4vv6fg,6,H,434.64999997615814
4c4vv6fg,6,L,410.5999999642372
4iu45lp8,1,H,373.19999999995343
4iu45lp8,1,L,368.54999999993015
4iu45lp8,2,H,374.70000000018626
4iu45lp8,2,L,374.10000000009313
4iu45lp8,3,H,377.39999999990687
4iu45lp8,3,L,374.74999999976717
4iu45lp8,4,H,373
4iu45lp8,4,L,374.20000000018626
4iu45lp8,5,H,369.70000000018626
4iu45lp8,5,L,363.64999999990687
4iu45lp8,6,H,372.9000000003726
4iu45lp8,6,L,376.10000000009313
4j2ynmmd,1,H,372
4j2ynmmd,1,L,380.8999999994412
4j2ynmmd,2,H,383.3499999996274
4j2ynmmd,2,L,382.4000000003726
4j2ynmmd,3,H,376.5
4j2ynmmd,3,L,383.79999999981374
4j2ynmmd,4,H,360.79999999981374
4j2ynmmd,4,L,369.0999999996274
4j2ynmmd,5,H,360.29999999981374
4j2ynmmd,5,L,365.5
4j2ynmmd,6,H,353.5
4j2ynmmd,6,L,358.6499999994412
4lce564k,1,H,431.54999999701977
4lce564k,1,L,409.3999999910593
4lce564k,2,H,398.59999999403954
4lce564k,2,L,393.09999999403954
4lce564k,3,H,377.04999999701977
4lce564k,3,L,393.20000000298023
4lce564k,4,H,361.6000000014901
4lce564k,4,L,373
4lce564k,5,H,363.8500000014901
4lce564k,5,L,358.20000000298023
4lce564k,6,H,347.19999998807907
4lce564k,6,L,357.3500000014901
4oenuj4z,1,H,334
4oenuj4z,1,L,341
4oenuj4z,2,H,339
4oenuj4z,2,L,331.5
4oenuj4z,3,H,323
4oenuj4z,3,L,336
4oenuj4z,4,H,311
4oenuj4z,4,L,315
4oenuj4z,5,H,307
4oenuj4z,5,L,309
4oenuj4z,6,H,300
4oenuj4z,6,L,313.5
4osyobtp,1,H,375
4osyobtp,1,L,360.2000000476837
4osyobtp,2,H,392.7000000476837
4osyobtp,2,L,411.2000000476837
4osyobtp,3,H,383.9500000476837
4osyobtp,3,L,384.30000019073486
4osyobtp,4,H,322.7000000476837
4osyobtp,4,L,327.14999997615814
4osyobtp,5,H,340.7000000476837
4osyobtp,5,L,349.90000009536743
4osyobtp,6,H,318.85000002384186
4osyobtp,6,L,333.69999980926514
4tjawqeo,1,H,397.5
4tjawqeo,1,L,399.69999980926514
4tjawqeo,2,H,373.7999997138977
4tjawqeo,2,L,401.40000009536743
4tjawqeo,3,H,380.40000009536743
4tjawqeo,3,L,371.5499999523163
4tjawqeo,4,H,349.69999980926514
4tjawqeo,4,L,359.09999990463257
4tjawqeo,5,H,369.15000009536743
4tjawqeo,5,L,363.7999999523163
4tjawqeo,6,H,369.5
4tjawqeo,6,L,379.69999980926514
4uzthrsp,1,H,399
4uzthrsp,1,L,405.5
4uzthrsp,2,H,409
4uzthrsp,2,L,387.5
4uzthrsp,3,H,391
4uzthrsp,3,L,395.5
4uzthrsp,4,H,362.5
4uzthrsp,4,L,365
4uzthrsp,5,H,381
4uzthrsp,5,L,379
4uzthrsp,6,H,367.5
4uzthrsp,6,L,377
5aqq8r6w,1,H,362.39999985694885
5aqq8r6w,1,L,356.2999999523163
5aqq8r6w,2,H,367
5aqq8r6w,2,L,368.65000009536743
5aqq8r6w,3,H,358.1999999284744
5aqq8r6w,3,L,350.90000009536743
5aqq8r6w,4,H,324.89999985694885
5aqq8r6w,4,L,337
5aqq8r6w,5,H,350.40000009536743
5aqq8r6w,5,L,350.2000000476837
5aqq8r6w,6,H,347.2999999523163
5aqq8r6w,6,L,354.89999997615814
5ckvwhwy,1,H,438.75
5ckvwhwy,1,L,443.25
5ckvwhwy,2,H,435
5ckvwhwy,2,L,445.300000011921
5ckvwhwy,3,H,427.699999988079
5ckvwhwy,3,L,413.90000000596046
5ckvwhwy,4,H,383.95000000298023
5ckvwhwy,4,L,391.7000000178814
5ckvwhwy,5,H,404.59999999403954
5ckvwhwy,5,L,392
5ckvwhwy,6,H,412.6499999910593
5ckvwhwy,6,L,422.84999999403954
5g9je77m,1,H,350.90000000596046
5g9je77m,1,L,347.55000000447035
5g9je77m,2,H,357.8500000014901
5g9je77m,2,L,365.79999999701977
5g9je77m,3,H,347.29999999701977
5g9je77m,3,L,358.29999999701977
5g9je77m,4,H,334.05000000447035
5g9je77m,4,L,330.20000000298023
5g9je77m,5,H,331.04999999701977
5g9je77m,5,L,343.45000000298023
5g9je77m,6,H,342.09999999403954
5g9je77m,6,L,332.8999999985099
5l6mnknj,1,H,368.5999999996274
5l6mnknj,1,L,375.6000000005588
5l6mnknj,2,H,383.19999999925494
5l6mnknj,2,L,376.4000000003726
5l6mnknj,3,H,381.15000000037253
5l6mnknj,3,L,351.55000000074506
5l6mnknj,4,H,353.20000000018626
5l6mnknj,4,L,351.09999999962747
5l6mnknj,5,H,374.0999999996274
5l6mnknj,5,L,377.5
5l6mnknj,6,H,380.05000000074506
5l6mnknj,6,L,383.5
5tqven48,1,H,402.09999990463257
5tqven48,1,L,412.59999990463257
5tqven48,2,H,407.39999997615814
5tqven48,2,L,422.89999997615814
5tqven48,3,H,377.30000001192093
5tqven48,3,L,412.2000000476837
5tqven48,4,H,343.19999998807907
5tqven48,4,L,346.7000000476837
5tqven48,5,H,364.09999990463257
5tqven48,5,L,364.55000001192093
5tqven48,6,H,385.60000002384186
5tqven48,6,L,387.0499999523163
5un6y0nb,1,H,380
5un6y0nb,1,L,392
5un6y0nb,2,H,369.5
5un6y0nb,2,L,398
5un6y0nb,3,H,379
5un6y0nb,3,L,413
5un6y0nb,4,H,360
5un6y0nb,4,L,380
5un6y0nb,5,H,368.5
5un6y0nb,5,L,369.5
5un6y0nb,6,H,350
5un6y0nb,6,L,367
5vluzm8n,1,H,453.04999999701977
5vluzm8n,1,L,459
5vluzm8n,2,H,432.5
5vluzm8n,2,L,412.699999988079
5vluzm8n,3,H,385.40000000596046
5vluzm8n,3,L,397.90000000596046
5vluzm8n,4,H,354.34999999403954
5vluzm8n,4,L,358.6499999910593
5vluzm8n,5,H,364.5
5vluzm8n,5,L,351.90000000596046
5vluzm8n,6,H,369.40000000596046
5vluzm8n,6,L,362.7000000178814
62pu08b1,1,H,389
62pu08b1,1,L,379.5
62pu08b1,2,H,394
62pu08b1,2,L,409
62pu08b1,3,H,389
62pu08b1,3,L,384
62pu08b1,4,H,380
62pu08b1,4,L,371
62pu08b1,5,H,397
62pu08b1,5,L,386.5
62pu08b1,6,H,395
62pu08b1,6,L,402
63xil5ki,1,H,361.75000005960464
63xil5ki,1,L,373.60000002384186
63xil5ki,2,H,370.09999990463257
63xil5ki,2,L,366.35000002384186
63xil5ki,3,H,370.60000002384186
63xil5ki,3,L,384.7999999523163
63xil5ki,4,H,346.60000002384186
63xil5ki,4,L,370.55000001192093
63xil5ki,5,H,363.49999994039536
63xil5ki,5,L,350.5
63xil5ki,6,H,360.60000002384186
63xil5ki,6,L,365.4500000476837
66jz8ugt,1,H,360
66jz8ugt,1,L,380.39999997615814
66jz8ugt,2,H,350.0499999523163
66jz8ugt,2,L,383.25
66jz8ugt,3,H,340.80000001192093
66jz8ugt,3,L,354.1999999284744
66jz8ugt,4,H,325.69999998807907
66jz8ugt,4,L,339.44999998807907
66jz8ugt,5,H,335.9500000476837
66jz8ugt,5,L,342.5
66jz8ugt,6,H,339
66jz8ugt,6,L,348.39999997615814
6f2ol425,1,H,401
6f2ol425,1,L,403.85000002384186
6f2ol425,2,H,412.55000001192093
6f2ol425,2,L,405.59999990463257
6f2ol425,3,H,366
6f2ol425,3,L,397.2000000476837
6f2ol425,4,H,334.2000000476837
6f2ol425,4,L,340.2000000476837
6f2ol425,5,H,342.5
6f2ol425,5,L,349.6500000357628
6f2ol425,6,H,357.7000000476837
6f2ol425,6,L,357.8500000834465
6gwztzbq,1,H,328.20000000298023
6gwztzbq,1,L,327.40000000596046
6gwztzbq,2,H,334.29999999701977
6gwztzbq,2,L,353.30000001192093
6gwztzbq,3,H,329.8999999985099
6gwztzbq,3,L,334.3999999910593
6gwztzbq,4,H,308.29999999701977
6gwztzbq,4,L,331.80000001192093
6gwztzbq,5,H,351.09999999403954
6gwztzbq,5,L,355.5
6gwztzbq,6,H,337.8999999985099
6gwztzbq,6,L,354.90000000596046
6jpt0age,1,H,330.60000002384186
6jpt0age,1,L,358.35000002384186
6jpt0age,2,H,321.94999998807907
6jpt0age,2,L,338.25
6jpt0age,3,H,338.10000002384186
6jpt0age,3,L,337.40000009536743
6jpt0age,4,H,308.3499999642372
6jpt0age,4,L,313.2999999523163
6jpt0age,5,H,334.4000000357628
6jpt0age,5,L,325.89999997615814
6jpt0age,6,H,316.99999994039536
6jpt0age,6,L,330.30000001192093
6ui53ym6,1,H,455.2999999821186
6ui53ym6,1,L,448.09999999403954
6ui53ym6,2,H,431.79999999701977
6ui53ym6,2,L,414.55000001192093
6ui53ym6,3,H,422.39999997615814
6ui53ym6,3,L,434.7999999821186
6ui53ym6,4,H,361.3999999910593
6ui53ym6,4,L,385.40000000596046
6ui53ym6,5,H,413.94999998807907
6ui53ym6,5,L,404.7999999821186
6ui53ym6,6,H,366.90000000596046
6ui53ym6,6,L,406.199999988079
7cwp4v6n,1,H,393
7cwp4v6n,1,L,405
7cwp4v6n,2,H,395
7cwp4v6n,2,L,401
7cwp4v6n,3,H,370
7cwp4v6n,3,L,384
7cwp4v6n,4,H,370.5
7cwp4v6n,4,L,391
7cwp4v6n,5,H,378
7cwp4v6n,5,L,381
7cwp4v6n,6,H,373
7cwp4v6n,6,L,380.5
7e2tmpa6,1,H,396.2000000011176
7e2tmpa6,1,L,388.9000000003726
7e2tmpa6,2,H,452.25
7e2tmpa6,2,L,418.5999999996274
7e2tmpa6,3,H,395.80000000074506
7e2tmpa6,3,L,410.9000000003726
7e2tmpa6,4,H,352.34999999962747
7e2tmpa6,4,L,361.0499999988824
7e2tmpa6,5,H,359.19999999925494
7e2tmpa6,5,L,351.0999999977648
7e2tmpa6,6,H,357.30000000074506
7e2tmpa6,6,L,367.84999999962747
7etrw5nu,1,H,319.1000000014901
7etrw5nu,1,L,314.6000000014901
7etrw5nu,2,H,322.40000000596046
7etrw5nu,2,L,317.1000000014901
7etrw5nu,3,H,315.69999999925494
7etrw5nu,3,L,321.5
7etrw5nu,4,H,314.79999999701977
7etrw5nu,4,L,314.55000000074506
7etrw5nu,5,H,306.5
7etrw5nu,5,L,306.5
7etrw5nu,6,H,305.7499999962747
7etrw5nu,6,L,305.6000000014901
7qw1xhrh,1,H,424.59999990463257
7qw1xhrh,1,L,403.89999997615814
7qw1xhrh,2,H,460.75
7qw1xhrh,2,L,469.5500000715256
7qw1xhrh,3,H,414.2999999523163
7qw1xhrh,3,L,421.9500000476837
7qw1xhrh,4,H,404.5
7qw1xhrh,4,L,399.40000009536743
7qw1xhrh,5,H,395.65000009536743
7qw1xhrh,5,L,402.65000009536743
7qw1xhrh,6,H,415.80000019073486
7qw1xhrh,6,L,421.3000000715256
81bqimnf,1,H,382.39999985694885
81bqimnf,1,L,390.60000002384186
81bqimnf,2,H,389.7000000476837
81bqimnf,2,L,398.2000000476837
81bqimnf,3,H,350.59999990463257
81bqimnf,3,L,373.7000000476837
81bqimnf,4,H,325
81bqimnf,4,L,333.25
81bqimnf,5,H,355.9499999284744
81bqimnf,5,L,348.60000014305115
81bqimnf,6,H,372.2000000476837
81bqimnf,6,L,391.85000014305115
81db02fc,1,H,370.59999990463257
81db02fc,1,L,381.59999990463257
81db02fc,2,H,361.10000002384186
81db02fc,2,L,382.59999990463257
81db02fc,3,H,360
81db02fc,3,L,361.09999990463257
81db02fc,4,H,333.7000000476837
81db02fc,4,L,356.14999997615814
81db02fc,5,H,365.09999990463257
81db02fc,5,L,354.9500000476837
81db02fc,6,H,347
81db02fc,6,L,378.2000000476837
8c1fhpt1,1,H,544.5
8c1fhpt1,1,L,506
8c1fhpt1,2,H,463
8c1fhpt1,2,L,487
8c1fhpt1,3,H,428
8c1fhpt1,3,L,434.5
8c1fhpt1,4,H,437.5
8c1fhpt1,4,L,434.5
8c1fhpt1,5,H,458
8c1fhpt1,5,L,453
8c1fhpt1,6,H,455
8c1fhpt1,6,L,478
8cav5z8q,1,H,554.6999999880791
8cav5z8q,1,L,543.0499999821186
8cav5z8q,2,H,546.1999999880791
8cav5z8q,2,L,504.9500000476837
8cav5z8q,3,H,516.5499999821186
8cav5z8q,3,L,523.2500000298023
8cav5z8q,4,H,477.5999999642372
8cav5z8q,4,L,481.19999998807907
8cav5z8q,5,H,516.6999999880791
8cav5z8q,5,L,482.2999999821186
8cav5z8q,6,H,483.300000011921
8cav5z8q,6,L,492.34999999403954
8vxgrgkb,1,H,445.1500000357628
8vxgrgkb,1,L,443.7999999523163
8vxgrgkb,2,H,433.14999997615814
8vxgrgkb,2,L,423.75
8vxgrgkb,3,H,374.64999997615814
8vxgrgkb,3,L,391.39999997615814
8vxgrgkb,4,H,361
8vxgrgkb,4,L,374.14999997615814
8vxgrgkb,5,H,367.75000005960464
8vxgrgkb,5,L,365.5
8vxgrgkb,6,H,394
8vxgrgkb,6,L,392.3500000834465
8xlm91xr,1,H,334.35000002384186
8xlm91xr,1,L,327.2000000476837
8xlm91xr,2,H,329.15000009536743
8xlm91xr,2,L,321.59999990463257
8xlm91xr,3,H,316.10000014305115
8xlm91xr,3,L,338.7999999523163
8xlm91xr,4,H,301.2000000476837
8xlm91xr,4,L,305.14999997615814
8xlm91xr,5,H,332.5
8xlm91xr,5,L,333.60000014305115
8xlm91xr,6,H,313.14999997615814
8xlm91xr,6,L,320.30000019073486
91e0xbu5,1,H,332.89999997615814
91e0xbu5,1,L,338.09999990463257
91e0xbu5,2,H,331.89999997615814
91e0xbu5,2,L,348.2000000476837
91e0xbu5,3,H,322.2999999523163
91e0xbu5,3,L,337.7999999523163
91e0xbu5,4,H,292.09999990463257
91e0xbu5,4,L,301.4499999284744
91e0xbu5,5,H,315.89999997615814
91e0xbu5,5,L,305.2999999523163
91e0xbu5,6,H,327.2000000476837
91e0xbu5,6,L,342.2000000476837
934tcrxh,1,H,427.2000000476837
934tcrxh,1,L,442.2000000476837
934tcrxh,2,H,447.60000002384186
934tcrxh,2,L,433.80000019073486
934tcrxh,3,H,425.90000009536743
934tcrxh,3,L,417.4499999284744
934tcrxh,4,H,353.4500000476837
934tcrxh,4,L,345.89999997615814
934tcrxh,5,H,368.2499998807907
934tcrxh,5,L,368.89999997615814
934tcrxh,6,H,384.75
934tcrxh,6,L,394.5
95qq6nys,1,H,331.60000002384186
95qq6nys,1,L,331.2999999523163
95qq6nys,2,H,345.19999998807907
95qq6nys,2,L,345
95qq6nys,3,H,342.55000001192093
95qq6nys,3,L,357.94999998807907
95qq6nys,4,H,337.5999999642372
95qq6nys,4,L,352.7999999523163
95qq6nys,5,H,337.60000002384186
95qq6nys,5,L,337.99999994039536
95qq6nys,6,H,337.89999997615814
95qq6nys,6,L,353.55000001192093
98n9czmc,1,H,415.7999999523163
98n9czmc,1,L,423.30000019073486
98n9czmc,2,H,404.2999999523163
98n9czmc,2,L,407.2000000476837
98n9czmc,3,H,378.39999985694885
98n9czmc,3,L,391.10000002384186
98n9czmc,4,H,346.5
98n9czmc,4,L,349.90000009536743
98n9czmc,5,H,373.0500000715256
98n9czmc,5,L,374.2000000476837
98n9czmc,6,H,354.5
98n9czmc,6,L,369.59999990463257
99rxav54,1,H,330.5499999523163
99rxav54,1,L,338.1999999284744
99rxav54,2,H,334.10000002384186
99rxav54,2,L,340.39999997615814
99rxav54,3,H,353.7999999523163
99rxav54,3,L,370.55000001192093
99rxav54,4,H,344.8000000715256
99rxav54,4,L,358.8000000715256
99rxav54,5,H,353.25
99rxav54,5,L,352.75
99rxav54,6,H,344.75
99rxav54,6,L,350.89999997615814
9d4b8u7f,1,H,351.1999999284744
9d4b8u7f,1,L,360.89999985694885
9d4b8u7f,2,H,371.35000002384186
9d4b8u7f,2,L,355.35000002384186
9d4b8u7f,3,H,340.80000019073486
9d4b8u7f,3,L,349.5499999523163
9d4b8u7f,4,H,316.34999990463257
9d4b8u7f,4,L,329.10000014305115
9d4b8u7f,5,H,334.10000002384186
9d4b8u7f,5,L,334.2000000476837
9d4b8u7f,6,H,322.2000000476837
9d4b8u7f,6,L,340.2000000476837
9dptpzrf,1,H,571.1999999880791
9dptpzrf,1,L,552
9dptpzrf,2,H,462.89999997615814
9dptpzrf,2,L,462.0499999821186
9dptpzrf,3,H,415.59999999403954
9dptpzrf,3,L,419.40000000596046
9dptpzrf,4,H,416.05000001192093
9dptpzrf,4,L,427
9dptpzrf,5,H,419.800000011921
9dptpzrf,5,L,418.30000001192093
9dptpzrf,6,H,429.300000011921
9dptpzrf,6,L,425.64999997615814
9e1r9mu0,1,H,359.5
9e1r9mu0,1,L,382
9e1r9mu0,2,H,369.5
9e1r9mu0,2,L,374.5
9e1r9mu0,3,H,357
9e1r9mu0,3,L,357
9e1r9mu0,4,H,333.5
9e1r9mu0,4,L,328
9e1r9mu0,5,H,344
9e1r9mu0,5,L,335
9e1r9mu0,6,H,341
9e1r9mu0,6,L,347
9e9jgfep,1,H,429.19999999995343
9e9jgfep,1,L,440.4999999998836
9e9jgfep,2,H,415
9e9jgfep,2,L,435.95000000006985
9e9jgfep,3,H,373.20000000018626
9e9jgfep,3,L,389.29999999981374
9e9jgfep,4,H,375.5500000002794
9e9jgfep,4,L,376.75
9e9jgfep,5,H,406.20000000018626
9e9jgfep,5,L,398.9499999997206
9e9jgfep,6,H,385.29999999981374
9e9jgfep,6,L,400.89999999990687
9eprutwa,1,H,377.55000000074506
9eprutwa,1,L,389
9eprutwa,2,H,352.5999999977648
9eprutwa,2,L,357.80000000074506
9eprutwa,3,H,347.30000000074506
9eprutwa,3,L,357.30000000074506
9eprutwa,4,H,324
9eprutwa,4,L,337.90000000037253
9eprutwa,5,H,338.80000000074506
9eprutwa,5,L,332.44999999925494
9eprutwa,6,H,341.29999999701977
9eprutwa,6,L,352.5999999977648
9eybg7ux,1,H,357.39999997615814
9eybg7ux,1,L,380.3000000715256
9eybg7ux,2,H,353.7000000476837
9eybg7ux,2,L,358.2000000476837
9eybg7ux,3,H,349.3500000834465
9eybg7ux,3,L,375.94999998807907
9eybg7ux,4,H,346.3499999642372
9eybg7ux,4,L,351.5
9eybg7ux,5,H,354.30000001192093
9eybg7ux,5,L,368.55000001192093
9eybg7ux,6,H,346.55000001192093
9eybg7ux,6,L,373.2000000476837
9owrldau,1,H,382.9000000001397
9owrldau,1,L,389.30000000004657
9owrldau,2,H,365.60000000009313
9owrldau,2,L,365.5
9owrldau,3,H,351.0999999999767
9owrldau,3,L,358.30000000004657
9owrldau,4,H,317.40000000037253
9owrldau,4,L,325.20000000018626
9owrldau,5,H,345.84999999962747
9owrldau,5,L,344
9owrldau,6,H,329.0500000002794
9owrldau,6,L,335.80000000074506
9qygdnaf,1,H,446
9qygdnaf,1,L,420
9qygdnaf,2,H,414.5
9qygdnaf,2,L,400.5
9qygdnaf,3,H,395
9qygdnaf,3,L,404.5
9qygdnaf,4,H,383
9qygdnaf,4,L,380
9qygdnaf,5,H,382
9qygdnaf,5,L,391
9qygdnaf,6,H,382
9qygdnaf,6,L,378
9s5fp6s6,1,H,433.2000000178814
9s5fp6s6,1,L,422.50000001490116
9s5fp6s6,2,H,375.20000000298023
9s5fp6s6,2,L,386.8500000089407
9s5fp6s6,3,H,381.800000011921
9s5fp6s6,3,L,384.09999999403954
9s5fp6s6,4,H,361.5
9s5fp6s6,4,L,391.1499999910593
9s5fp6s6,5,H,398.70000000298023
9s5fp6s6,5,L,381.300000011921
9s5fp6s6,6,H,392.04999999701977
9s5fp6s6,6,L,399.7999999821186
9ypnxdh1,1,H,355.60000002384186
9ypnxdh1,1,L,363
9ypnxdh1,2,H,370.60000002384186
9ypnxdh1,2,L,370
9ypnxdh1,3,H,357.60000002384186
9ypnxdh1,3,L,370
9ypnxdh1,4,H,312.5
9ypnxdh1,4,L,316.25
9ypnxdh1,5,H,328.6999999284744
9ypnxdh1,5,L,337.89999997615814
9ypnxdh1,6,H,329.0999999642372
9ypnxdh1,6,L,342.94999998807907
a2lhxhxk,1,H,375.5
a2lhxhxk,1,L,365.05000019073486
a2lhxhxk,2,H,359.19999980926514
a2lhxhxk,2,L,355.7999997138977
a2lhxhxk,3,H,351.59999990463257
a2lhxhxk,3,L,370.75
a2lhxhxk,4,H,335.2999997138977
a2lhxhxk,4,L,338.15000009536743
a2lhxhxk,5,H,353.40000009536743
a2lhxhxk,5,L,365.85000014305115
a2lhxhxk,6,H,353.39999985694885
a2lhxhxk,6,L,370.69999980926514
a9n5v3d1,1,H,399.65000000596046
a9n5v3d1,1,L,387.5
a9n5v3d1,2,H,380.25
a9n5v3d1,2,L,383
a9n5v3d1,3,H,368.2000000476837
a9n5v3d1,3,L,379.7000000476837
a9n5v3d1,4,H,337.89999997615814
a9n5v3d1,4,L,356.10000002384186
a9n5v3d1,5,H,372.39999997615814
a9n5v3d1,5,L,356.35000002384186
a9n5v3d1,6,H,352.69999998807907
a9n5v3d1,6,L,363.60000002384186
acyrm6vi,1,H,442.85000002384186
acyrm6vi,1,L,450.40000009536743
acyrm6vi,2,H,424.90000009536743
acyrm6vi,2,L,421.14999997615814
acyrm6vi,3,H,390.5499999523163
acyrm6vi,3,L,394.89999985694885
acyrm6vi,4,H,389.39999985694885
acyrm6vi,4,L,407
acyrm6vi,5,H,391.39999997615814
acyrm6vi,5,L,396.89999985694885
acyrm6vi,6,H,351.7999999523163
acyrm6vi,6,L,364.2999999523163
adx0ufr2,1,H,344
adx0ufr2,1,L,349
adx0ufr2,2,H,366.5
adx0ufr2,2,L,375.5
adx0ufr2,3,H,347
adx0ufr2,3,L,347
adx0ufr2,4,H,330
adx0ufr2,4,L,350
adx0ufr2,5,H,353.5
adx0ufr2,5,L,349
adx0ufr2,6,H,354
adx0ufr2,6,L,376
ahrykldn,1,H,355.80000001192093
ahrykldn,1,L,360.94999998807907
ahrykldn,2,H,356.89999997615814
ahrykldn,2,L,358.90000009536743
ahrykldn,3,H,341.3000000715256
ahrykldn,3,L,346.7999999523163
ahrykldn,4,H,324.60000002384186
ahrykldn,4,L,324.8000000715256
ahrykldn,5,H,331.35000002384186
ahrykldn,5,L,344.5500000715256
ahrykldn,6,H,337.10000002384186
ahrykldn,6,L,338.55000001192093
ajw8rmzy,1,H,434
ajw8rmzy,1,L,432.2999999523163
ajw8rmzy,2,H,432.9499999284744
ajw8rmzy,2,L,453.2999999523163
ajw8rmzy,3,H,386.40000009536743
ajw8rmzy,3,L,388.2000000476837
ajw8rmzy,4,H,362.6999999284744
ajw8rmzy,4,L,352.75
ajw8rmzy,5,H,372.40000009536743
ajw8rmzy,5,L,386.64999997615814
ajw8rmzy,6,H,372.59999990463257
ajw8rmzy,6,L,379.7999999523163
au3z690l,1,H,338.3500000014901
au3z690l,1,L,337.1500000022352
au3z690l,2,H,349.8999999985099
au3z690l,2,L,352.0999999977648
au3z690l,3,H,363.8499999977648
au3z690l,3,L,367.19999999552965
au3z690l,4,H,327.80000000074506
au3z690l,4,L,327.69999999552965
au3z690l,5,H,332.3999999985099
au3z690l,5,L,336.1000000014901
au3z690l,6,H,323
au3z690l,6,L,335.70000000298023
awz14fq9,1,H,411.0499999523163
awz14fq9,1,L,392.7999999523163
awz14fq9,2,H,410
awz14fq9,2,L,408.1999999284744
awz14fq9,3,H,420.64999997615814
awz14fq9,3,L,418.2500001192093
awz14fq9,4,H,378.5499999523163
awz14fq9,4,L,395
awz14fq9,5,H,407.0499999523163
awz14fq9,5,L,387.89999985694885
awz14fq9,6,H,406.7000000476837
awz14fq9,6,L,404.5
bd6v7ia1,1,H,497.5499999523163
bd6v7ia1,1,L,465.9500002861023
bd6v7ia1,2,H,453.59999990463257
bd6v7ia1,2,L,428.2999999523163
bd6v7ia1,3,H,464.5
bd6v7ia1,3,L,447.5499997138977
bd6v7ia1,4,H,364.69999980926514
bd6v7ia1,4,L,374
bd6v7ia1,5,H,399.90000009536743
bd6v7ia1,5,L,362.80000019073486
bd6v7ia1,6,H,358.10000014305115
bd6v7ia1,6,L,359.44999980926514
bh4nuak1,1,H,367.39999999990687
bh4nuak1,1,L,371.30000000004657
bh4nuak1,2,H,378.9000000001397
bh4nuak1,2,L,375.5999999999767
bh4nuak1,3,H,348.39999999990687
bh4nuak1,3,L,356.30000000004657
bh4nuak1,4,H,323.44999999995343
bh4nuak1,4,L,318.39999999990687
bh4nuak1,5,H,332.29999999981374
bh4nuak1,5,L,333.29999999981374
bh4nuak1,6,H,329.20000000018626
bh4nuak1,6,L,341.5500000002794
bla7r2es,1,H,354.35000014305115
bla7r2es,1,L,334.69999980926514
bla7r2es,2,H,354.5
bla7r2es,2,L,355.69999980926514
bla7r2es,3,H,336.9500000476837
bla7r2es,3,L,342.6000003814697
bla7r2es,4,H,312.19999980926514
bla7r2es,4,L,319.84999990463257
bla7r2es,5,H,331.2000000476837
bla7r2es,5,L,330.5
bla7r2es,6,H,327.7000002861023
bla7r2es,6,L,318.30000019073486
bx2hkvzu,1,H,329.39999997615814
bx2hkvzu,1,L,341
bx2hkvzu,2,H,341.5999999642372
bx2hkvzu,2,L,335.4999999701977
bx2hkvzu,3,H,329.80000001192093
bx2hkvzu,3,L,341
bx2hkvzu,4,H,307.59999999403954
bx2hkvzu,4,L,332.4000000357628
bx2hkvzu,5,H,319.19999998807907
bx2hkvzu,5,L,316.0999999642372
bx2hkvzu,6,H,312.90000000596046
bx2hkvzu,6,L,335
byga4vql,1,H,411.5999999642372
byga4vql,1,L,396.5
byga4vql,2,H,409.5
byga4vql,2,L,395.89999997615814
byga4vql,3,H,363.5
byga4vql,3,L,408.2000000476837
byga4vql,4,H,338
byga4vql,4,L,344.89999997615814
byga4vql,5,H,352.9000000357628
byga4vql,5,L,353.89999997615814
byga4vql,6,H,369.2500000298023
byga4vql,6,L,368.90000000596046
c8cu3c3m,1,H,365
c8cu3c3m,1,L,386
c8cu3c3m,2,H,367
c8cu3c3m,2,L,376
c8cu3c3m,3,H,360
c8cu3c3m,3,L,367
c8cu3c3m,4,H,339.5
c8cu3c3m,4,L,349
c8cu3c3m,5,H,343
c8cu3c3m,5,L,342.5
c8cu3c3m,6,H,347
c8cu3c3m,6,L,340
cjz75i22,1,H,395.2000000476837
cjz75i22,1,L,401.3000000715256
cjz75i22,2,H,370.2999999523163
cjz75i22,2,L,386.10000014305115
cjz75i22,3,H,353.60000014305115
cjz75i22,3,L,379.8000000715256
cjz75i22,4,H,356.2999999523163
cjz75i22,4,L,343.9499999284744
cjz75i22,5,H,363.90000009536743
cjz75i22,5,L,355.2000000476837
cjz75i22,6,H,371.40000009536743
cjz75i22,6,L,355.2000000476837
cqohls3i,1,H,336.39999985694885
cqohls3i,1,L,355.59999990463257
cqohls3i,2,H,326.10000014305115
cqohls3i,2,L,316.7999999523163
cqohls3i,3,H,325.5
cqohls3i,3,L,303.7000000476837
cqohls3i,4,H,307.39999985694885
cqohls3i,4,L,302.40000009536743
cqohls3i,5,H,330.2999999523163
cqohls3i,5,L,326.5
cqohls3i,6,H,308.09999990463257
cqohls3i,6,L,306.25
cw1o9bs1,1,H,361.60000000009313
cw1o9bs1,1,L,372.80000000004657
cw1o9bs1,2,H,367.6999999997206
cw1o9bs1,2,L,388.3499999999767
cw1o9bs1,3,H,373.00000000023283
cw1o9bs1,3,L,393.29999999981374
cw1o9bs1,4,H,341.5
cw1o9bs1,4,L,356.54999999981374
cw1o9bs1,5,H,380.84999999962747
cw1o9bs1,5,L,362
cw1o9bs1,6,H,376.99999999953434
cw1o9bs1,6,L,384.20000000018626
d0ik7z9x,1,H,362.6000000014901
d0ik7z9x,1,L,346.6000000014901
d0ik7z9x,2,H,350.79999999701977
d0ik7z9x,2,L,367.6499999985099
d0ik7z9x,3,H,353.70000000298023
d0ik7z9x,3,L,355.79999999701977
d0ik7z9x,4,H,342.4000000022352
d0ik7z9x,4,L,351.19999999552965
d0ik7z9x,5,H,352.8500000014901
d0ik7z9x,5,L,337.1000000014901
d0ik7z9x,6,H,353.1000000014901
d0ik7z9x,6,L,361.5
d2m1zo7g,1,H,408.89999997615814
d2m1zo7g,1,L,461.5
d2m1zo7g,2,H,422.69999998807907
d2m1zo7g,2,L,432.7999999523163
d2m1zo7g,3,H,423.39999997615814
d2m1zo7g,3,L,412.75
d2m1zo7g,4,H,357.1999999284744
d2m1zo7g,4,L,378.39999997615814
d2m1zo7g,5,H,399
d2m1zo7g,5,L,394.7999999523163
d2m1zo7g,6,H,401.09999990463257
d2m1zo7g,6,L,413.90000009536743
d3omyepd,1,H,504.35000002384186
d3omyepd,1,L,468.7999999523163
d3omyepd,2,H,476.85000002384186
d3omyepd,2,L,484.7999999523163
d3omyepd,3,H,462.39999997615814
d3omyepd,3,L,461.7999999523163
d3omyepd,4,H,423
d3omyepd,4,L,419.09999990463257
d3omyepd,5,H,441.4500000476837
d3omyepd,5,L,442.30000019073486
d3omyepd,6,H,441.2999999523163
d3omyepd,6,L,450.7000000476837
d6it3y3p,1,H,388.25
d6it3y3p,1,L,403
d6it3y3p,2,H,407.14999997615814
d6it3y3p,2,L,397.3000000715256
d6it3y3p,3,H,418.39999997615814
d6it3y3p,3,L,414.6500000357628
d6it3y3p,4,H,374.6500000357628
d6it3y3p,4,L,390.74999994039536
d6it3y3p,5,H,397.55000001192093
d6it3y3p,5,L,404.25
d6it3y3p,6,H,384.69999998807907
d6it3y3p,6,L,395.60000002384186
decnc028,1,H,372.2000000178814
decnc028,1,L,372.40000000596046
decnc028,2,H,383.8500000089407
decnc028,2,L,377.09999999403954
decnc028,3,H,366.2999999821186
decnc028,3,L,390.5
decnc028,4,H,340
decnc028,4,L,340.90000000596046
decnc028,5,H,360.8999999910593
decnc028,5,L,361.24999998509884
decnc028,6,H,376.45000000298023
decnc028,6,L,372.5
diqhmi3m,1,H,347.40000009536743
diqhmi3m,1,L,354.7000000476837
diqhmi3m,2,H,374.09999990463257
diqhmi3m,2,L,378.5500000715256
diqhmi3m,3,H,363.59999990463257
diqhmi3m,3,L,370.60000002384186
diqhmi3m,4,H,320.7999999523163
diqhmi3m,4,L,335.7999999523163
diqhmi3m,5,H,333.30000019073486
diqhmi3m,5,L,326.7000000476837
diqhmi3m,6,H,350.89999985694885
diqhmi3m,6,L,339.5
dkzozr6c,1,H,560
dkzozr6c,1,L,569
dkzozr6c,2,H,532
dkzozr6c,2,L,567
dkzozr6c,3,H,528.5
dkzozr6c,3,L,528
dkzozr6c,4,H,468.5
dkzozr6c,4,L,471.5
dkzozr6c,5,H,471
dkzozr6c,5,L,442
dkzozr6c,6,H,463
dkzozr6c,6,L,456
dmsi5tdj,1,H,354.70000000018626
dmsi5tdj,1,L,347.8999999994412
dmsi5tdj,2,H,352.40000000037253
dmsi5tdj,2,L,355.59999999962747
dmsi5tdj,3,H,339.90000000037253
dmsi5tdj,3,L,377.20000000018626
dmsi5tdj,4,H,305.8500000005588
dmsi5tdj,4,L,310.7499999990687
dmsi5tdj,5,H,344.09999999869615
dmsi5tdj,5,L,328.15000000037253
dmsi5tdj,6,H,319.59999999962747
dmsi5tdj,6,L,329.09999999962747
dnoe2hz9,1,H,437.3000000715256
dnoe2hz9,1,L,454.10000002384186
dnoe2hz9,2,H,412.89999997615814
dnoe2hz9,2,L,403.1500000357628
dnoe2hz9,3,H,372.90000009536743
dnoe2hz9,3,L,397.1999999284744
dnoe2hz9,4,H,400.39999997615814
dnoe2hz9,4,L,405.05000001192093
dnoe2hz9,5,H,392.7000000476837
dnoe2hz9,5,L,401.5
dnoe2hz9,6,H,398.85000002384186
dnoe2hz9,6,L,410.4000000357628
dq82faf2,1,H,514.6999999955297
dq82faf2,1,L,486.30000000447035
dq82faf2,2,H,483.5
dq82faf2,2,L,454.6000000014901
dq82faf2,3,H,461.6000000014901
dq82faf2,3,L,477.4999999962747
dq82faf2,4,H,399.75
dq82faf2,4,L,393.40000000596046
dq82faf2,5,H,409.29999999701977
dq82faf2,5,L,411.3499999977648
dq82faf2,6,H,436.20000000298023
dq82faf2,6,L,437.45000000298023
dr4gkvot,1,H,398.95000000298023
dr4gkvot,1,L,420.699999988079
dr4gkvot,2,H,386.79999999701977
dr4gkvot,2,L,398
dr4gkvot,3,H,384.6499999985099
dr4gkvot,3,L,400.09999999403954
dr4gkvot,4,H,364.5
dr4gkvot,4,L,380.3500000014901
dr4gkvot,5,H,348.1000000089407
dr4gkvot,5,L,349.3999999985099
dr4gkvot,6,H,356.1499999985099
dr4gkvot,6,L,367.04999999701977
ds5uz2d5,1,H,401.199999988079
ds5uz2d5,1,L,425.300000011921
ds5uz2d5,2,H,453.60000002384186
ds5uz2d5,2,L,502.5999999642372
ds5uz2d5,3,H,389.300000011921
ds5uz2d5,3,L,409.60000002384186
ds5uz2d5,4,H,374
ds5uz2d5,4,L,378
ds5uz2d5,5,H,418.15000000596046
ds5uz2d5,5,L,407.0000000298023
ds5uz2d5,6,H,405.89999997615814
ds5uz2d5,6,L,402.39999997615814
dyyp50j9,1,H,436
dyyp50j9,1,L,420
dyyp50j9,2,H,420
dyyp50j9,2,L,428.5
dyyp50j9,3,H,380
dyyp50j9,3,L,385
dyyp50j9,4,H,368
dyyp50j9,4,L,382
dyyp50j9,5,H,397.5
dyyp50j9,5,L,362.5
dyyp50j9,6,H,405
dyyp50j9,6,L,417
e9v1bzuc,1,H,466.60000002384186
e9v1bzuc,1,L,444.800000011921
e9v1bzuc,2,H,488.10000002384186
e9v1bzuc,2,L,513.1000000238419
e9v1bzuc,3,H,462.60000002384186
e9v1bzuc,3,L,478.0499999821186
e9v1bzuc,4,H,382.199999988079
e9v1bzuc,4,L,392.39999997615814
e9v1bzuc,5,H,394.89999997615814
e9v1bzuc,5,L,409.34999999403954
e9v1bzuc,6,H,401.1500000357628
e9v1bzuc,6,L,400.4000000357628
eegst1da,1,H,348.60000014305115
eegst1da,1,L,337.2000000476837
eegst1da,2,H,355.2999999523163
eegst1da,2,L,342.80000019073486
eegst1da,3,H,359.90000009536743
eegst1da,3,L,353.7000000476837
eegst1da,4,H,322.09999990463257
eegst1da,4,L,333.39999985694885
eegst1da,5,H,344.7999999523163
eegst1da,5,L,334.60000014305115
eegst1da,6,H,344.25
eegst1da,6,L,344.5499999523163
efi3fjue,1,H,338.60000002384186
efi3fjue,1,L,349.39999997615814
efi3fjue,2,H,332.2999999523163
efi3fjue,2,L,344.7999999523163
efi3fjue,3,H,344.09999990463257
efi3fjue,3,L,350.60000002384186
efi3fjue,4,H,346
efi3fjue,4,L,362.05000001192093
efi3fjue,5,H,360.89999997615814
efi3fjue,5,L,348.39999997615814
efi3fjue,6,H,336.40000009536743
efi3fjue,6,L,352.5
ej4up0rn,1,H,417.29999999701977
ej4up0rn,1,L,410.1000000089407
ej4up0rn,2,H,397.40000000596046
ej4up0rn,2,L,376.800000011921
ej4up0rn,3,H,380.6499999985099
ej4up0rn,3,L,382.6000000014901
ej4up0rn,4,H,308
ej4up0rn,4,L,324.70000000298023
ej4up0rn,5,H,369.1000000014901
ej4up0rn,5,L,358.29999999701977
ej4up0rn,6,H,334.7499999925494
ej4up0rn,6,L,358.70000000298023
ejv5piey,1,H,465.39999997615814
ejv5piey,1,L,475.1999999284744
ejv5piey,2,H,440.39999985694885
ejv5piey,2,L,440.39999985694885
ejv5piey,3,H,395.7499998807907
ejv5piey,3,L,404.5
ejv5piey,4,H,353.59999990463257
ejv5piey,4,L,341.7999999523163
ejv5piey,5,H,401.85000002384186
ejv5piey,5,L,405.7999999523163
ejv5piey,6,H,402.39999997615814
ejv5piey,6,L,405.14999997615814
ektwqxeh,1,H,344.5
ektwqxeh,1,L,360
ektwqxeh,2,H,335.10000002384186
ektwqxeh,2,L,354.5999999642372
ektwqxeh,3,H,328.40000009536743
ektwqxeh,3,L,323.8000000715256
ektwqxeh,4,H,315.0499999523163
ektwqxeh,4,L,315.64999997615814
ektwqxeh,5,H,329.59999990463257
ektwqxeh,5,L,331.7000000476837
ektwqxeh,6,H,320.65000009536743
ektwqxeh,6,L,332.6999999284744
em7v17uu,1,H,323.6000000014901
em7v17uu,1,L,320.75
em7v17uu,2,H,326.1000000014901
em7v17uu,2,L,362.3999999985099
em7v17uu,3,H,328.3999999985099
em7v17uu,3,L,325.29999999701977
em7v17uu,4,H,294.40000000596046
em7v17uu,4,L,310
em7v17uu,5,H,308.20000000298023
em7v17uu,5,L,325.29999999701977
em7v17uu,6,H,297.75
em7v17uu,6,L,300.55000000447035
enhoisyi,1,H,455
enhoisyi,1,L,492
enhoisyi,2,H,466
enhoisyi,2,L,466
enhoisyi,3,H,455
enhoisyi,3,L,441
enhoisyi,4,H,424
enhoisyi,4,L,462
enhoisyi,5,H,426
enhoisyi,5,L,415
enhoisyi,6,H,418
enhoisyi,6,L,456
eogyi8j4,1,H,344.0499999821186
eogyi8j4,1,L,341.84999999403954
eogyi8j4,2,H,327.59999999403954
eogyi8j4,2,L,329.5499999821186
eogyi8j4,3,H,326.2000000178814
eogyi8j4,3,L,330.7000000178814
eogyi8j4,4,H,305.8999999910593
eogyi8j4,4,L,312.69999998807907
eogyi8j4,5,H,311.40000000596046
eogyi8j4,5,L,321.34999999403954
eogyi8j4,6,H,307.5
eogyi8j4,6,L,311.3499999642372
f3jt6ahq,1,H,346.80000000004657
f3jt6ahq,1,L,359.75
f3jt6ahq,2,H,349.25000000023283
f3jt6ahq,2,L,341
f3jt6ahq,3,H,354.75
f3jt6ahq,3,L,349.10000000009313
f3jt6ahq,4,H,306.40000000037253
f3jt6ahq,4,L,314.0500000002794
f3jt6ahq,5,H,329.90000000037253
f3jt6ahq,5,L,326.79999999981374
f3jt6ahq,6,H,326.3999999994412
f3jt6ahq,6,L,337.5
f6k7yhh9,1,H,422.59999990463257
f6k7yhh9,1,L,411.7999999523163
f6k7yhh9,2,H,509.0499999523163
f6k7yhh9,2,L,495.9499999284744
f6k7yhh9,3,H,411.7000000476837
f6k7yhh9,3,L,386.7999999523163
f6k7yhh9,4,H,399.10000002384186
f6k7yhh9,4,L,412.5000001192093
f6k7yhh9,5,H,434
f6k7yhh9,5,L,448.40000009536743
f6k7yhh9,6,H,431.64999997615814
f6k7yhh9,6,L,430.5
fdlbs3x7,1,H,457.2999999821186
fdlbs3x7,1,L,459.3999999910593
fdlbs3x7,2,H,401.1000000089407
fdlbs3x7,2,L,398.2999999821186
fdlbs3x7,3,H,435.09999999403954
fdlbs3x7,3,L,439.59999999403954
fdlbs3x7,4,H,407.6499999910593
fdlbs3x7,4,L,413.95000000298023
fdlbs3x7,5,H,423
fdlbs3x7,5,L,426.89999997615814
fdlbs3x7,6,H,400.3999999910593
fdlbs3x7,6,L,399.5
fhwg4lyo,1,H,356.3500000000349
fhwg4lyo,1,L,356.5999999999767
fhwg4lyo,2,H,341.0999999999767
fhwg4lyo,2,L,355.89999999990687
fhwg4lyo,3,H,339.0999999998603
fhwg4lyo,3,L,346.9000000000233
fhwg4lyo,4,H,331.04999999981374
fhwg4lyo,4,L,329.99999999953434
fhwg4lyo,5,H,339.34999999962747
fhwg4lyo,5,L,337.1000000005588
fhwg4lyo,6,H,322.1000000005588
fhwg4lyo,6,L,329.99999999953434
fnqg33tk,1,H,397.7499999962747
fnqg33tk,1,L,396.5
fnqg33tk,2,H,365.8999999985099
fnqg33tk,2,L,365.79999999701977
fnqg33tk,3,H,350.19999999552965
fnqg33tk,3,L,354
fnqg33tk,4,H,333.54999999701977
fnqg33tk,4,L,349
fnqg33tk,5,H,357.8499999977648
fnqg33tk,5,L,362.44999999925494
fnqg33tk,6,H,345.5
fnqg33tk,6,L,361.29999999701977
fo2t0ykg,1,H,399.30000019073486
fo2t0ykg,1,L,429.4500000476837
fo2t0ykg,2,H,409.39999985694885
fo2t0ykg,2,L,429.39999997615814
fo2t0ykg,3,H,421.1999999284744
fo2t0ykg,3,L,425.9500000476837
fo2t0ykg,4,H,382.4499999284744
fo2t0ykg,4,L,408.09999990463257
fo2t0ykg,5,H,410.60000002384186
fo2t0ykg,5,L,393.60000002384186
fo2t0ykg,6,H,389.65000009536743
fo2t0ykg,6,L,401.59999990463257
foy52cb4,1,H,360.7999999523163
foy52cb4,1,L,377.25
foy52cb4,2,H,367.0499999523163
foy52cb4,2,L,374.5
foy52cb4,3,H,377.0499999523163
foy52cb4,3,L,392.2999999523163
foy52cb4,4,H,347.549999833107
foy52cb4,4,L,340.7999999523163
foy52cb4,5,H,352.5
foy52cb4,5,L,339.14999997615814
foy52cb4,6,H,329.89999997615814
foy52cb4,6,L,333.10000002384186
ftd9rnvm,1,H,483.7999999523163
ftd9rnvm,1,L,492.90000009536743
ftd9rnvm,2,H,459.64999997615814
ftd9rnvm,2,L,466.9000000357628
ftd9rnvm,3,H,465.69999998807907
ftd9rnvm,3,L,469.2999999523163
ftd9rnvm,4,H,462.5
ftd9rnvm,4,L,462.60000002384186
ftd9rnvm,5,H,443.2000000476837
ftd9rnvm,5,L,446.09999990463257
ftd9rnvm,6,H,428.60000002384186
ftd9rnvm,6,L,448.19999998807907
g59wh51e,1,H,345.05000001192093
g59wh51e,1,L,330.7000000476837
g59wh51e,2,H,327.60000002384186
g59wh51e,2,L,345.10000002384186
g59wh51e,3,H,322.89999997615814
g59wh51e,3,L,330.9000000357628
g59wh51e,4,H,311.7000000476837
g59wh51e,4,L,317.24999994039536
g59wh51e,5,H,342.2999999523163
g59wh51e,5,L,330.2999999523163
g59wh51e,6,H,318.39999997615814
g59wh51e,6,L,334.7999999523163
g6fwz6fr,1,H,381
g6fwz6fr,1,L,389.5
g6fwz6fr,2,H,359
g6fwz6fr,2,L,368.5
g6fwz6fr,3,H,360
g6fwz6fr,3,L,367
g6fwz6fr,4,H,355
g6fwz6fr,4,L,358
g6fwz6fr,5,H,394
g6fwz6fr,5,L,394.5
g6fwz6fr,6,H,367
g6fwz6fr,6,L,365
g6u6toqw,1,H,332.34999999403954
g6u6toqw,1,L,346.39999997615814
g6u6toqw,2,H,353.0000000298023
g6u6toqw,2,L,343.75
g6u6toqw,3,H,326
g6u6toqw,3,L,331.10000002384186
g6u6toqw,4,H,296.7499999701977
g6u6toqw,4,L,308.39999997615814
g6u6toqw,5,H,334.2999999821186
g6u6toqw,5,L,319.19999998807907
g6u6toqw,6,H,318.19999998807907
g6u6toqw,6,L,337.65000000596046
g79gm5hl,1,H,423.25
g79gm5hl,1,L,413.7999999821186
g79gm5hl,2,H,388.34999999403954
g79gm5hl,2,L,418.7000000178814
g79gm5hl,3,H,373.09999999403954
g79gm5hl,3,L,393.2999999821186
g79gm5hl,4,H,387.90000000596046
g79gm5hl,4,L,398.00000001490116
g79gm5hl,5,H,405.300000011921
g79gm5hl,5,L,403.800000011921
g79gm5hl,6,H,390
g79gm5hl,6,L,406.29999999701977
ga9uahma,1,H,600.5
ga9uahma,1,L,554.2999999523163
ga9uahma,2,H,582.2999999523163
ga9uahma,2,L,585.9000000953674
ga9uahma,3,H,585
ga9uahma,3,L,624.8999999761581
ga9uahma,4,H,545.6500000953674
ga9uahma,4,L,560.6000001430511
ga9uahma,5,H,567.4499999284744
ga9uahma,5,L,591
ga9uahma,6,H,574.2000000476837
ga9uahma,6,L,560.5999999046326
ggyyoznf,1,H,320.60000002384186
ggyyoznf,1,L,325.69999998807907
ggyyoznf,2,H,310.25
ggyyoznf,2,L,312.5
ggyyoznf,3,H,308.10000002384186
ggyyoznf,3,L,315
ggyyoznf,4,H,292.80000001192093
ggyyoznf,4,L,292.95000000298023
ggyyoznf,5,H,315.20000000298023
ggyyoznf,5,L,319.70000000298023
ggyyoznf,6,H,348.15000000596046
ggyyoznf,6,L,356.09999999403954
ghfmfp6u,1,H,491.2000000476837
ghfmfp6u,1,L,498.3000000715256
ghfmfp6u,2,H,419.10000002384186
ghfmfp6u,2,L,433.6999999284744
ghfmfp6u,3,H,433.2000000476837
ghfmfp6u,3,L,440.5
ghfmfp6u,4,H,378.64999997615814
ghfmfp6u,4,L,414.25
ghfmfp6u,5,H,425.9499999284744
ghfmfp6u,5,L,425.40000009536743
ghfmfp6u,6,H,450.7000000476837
ghfmfp6u,6,L,473.09999990463257
gmohu013,1,H,497.80000019073486
gmohu013,1,L,471.19999980926514
gmohu013,2,H,467.80000019073486
gmohu013,2,L,494.8999996185303
gmohu013,3,H,466.75000047683716
gmohu013,3,L,464.30000019073486
gmohu013,4,H,421.30000019073486
gmohu013,4,L,423
gmohu013,5,H,441.90000009536743
gmohu013,5,L,446.40000009536743
gmohu013,6,H,475.1000003814697
gmohu013,6,L,480.24999952316284
gszsrlmk,1,H,403.3000000715256
gszsrlmk,1,L,413
gszsrlmk,2,H,412.25
gszsrlmk,2,L,413.5
gszsrlmk,3,H,384.25
gszsrlmk,3,L,378.89999997615814
gszsrlmk,4,H,360.60000002384186
gszsrlmk,4,L,371.60000002384186
gszsrlmk,5,H,375.80000001192093
gszsrlmk,5,L,385.2000000476837
gszsrlmk,6,H,375.39999997615814
gszsrlmk,6,L,387.24999994039536
h2fr0kzy,1,H,338.79999999701977
h2fr0kzy,1,L,338.59999999403954
h2fr0kzy,2,H,358.1000000089407
h2fr0kzy,2,L,352.45000000298023
h2fr0kzy,3,H,338.5
h2fr0kzy,3,L,346.3500000014901
h2fr0kzy,4,H,330.29999999701977
h2fr0kzy,4,L,325.25
h2fr0kzy,5,H,333.95000000298023
h2fr0kzy,5,L,343.6000000014901
h2fr0kzy,6,H,337.5
h2fr0kzy,6,L,341.09999999403954
h46neot4,1,H,391.30000000447035
h46neot4,1,L,394.70000000298023
h46neot4,2,H,395.55000000447035
h46neot4,2,L,391.29999999701977
h46neot4,3,H,386.29999999701977
h46neot4,3,L,390.3999999985099
h46neot4,4,H,345.70000000298023
h46neot4,4,L,352.6000000089407
h46neot4,5,H,362.59999999403954
h46neot4,5,L,369.59999999403954
h46neot4,6,H,340.5
h46neot4,6,L,364.3999999985099
h6f38bwq,1,H,402.55000019073486
h6f38bwq,1,L,432.5
h6f38bwq,2,H,393.7000002861023
h6f38bwq,2,L,390
h6f38bwq,3,H,401.7999999523163
h6f38bwq,3,L,394.09999990463257
h6f38bwq,4,H,333.60000014305115
h6f38bwq,4,L,351.69999980926514
h6f38bwq,5,H,366.84999990463257
h6f38bwq,5,L,356.2999997138977
h6f38bwq,6,H,358.35000014305115
h6f38bwq,6,L,366.90000009536743
haqli8xf,1,H,333.5
haqli8xf,1,L,336
haqli8xf,2,H,347.14999997615814
haqli8xf,2,L,359.14999997615814
haqli8xf,3,H,360.5499999523163
haqli8xf,3,L,364.4500000476837
haqli8xf,4,H,352.8000000715256
haqli8xf,4,L,351.7999999523163
haqli8xf,5,H,358.0000001192093
haqli8xf,5,L,354.14999997615814
haqli8xf,6,H,359
haqli8xf,6,L,365.39999985694885
hdbjnl2c,1,H,368.19999998807907
hdbjnl2c,1,L,374.6999999284744
hdbjnl2c,2,H,376.6000000834465
hdbjnl2c,2,L,399.64999997615814
hdbjnl2c,3,H,350.60000002384186
hdbjnl2c,3,L,356.5
hdbjnl2c,4,H,320.25000005960464
hdbjnl2c,4,L,330.74999994039536
hdbjnl2c,5,H,351.05000001192093
hdbjnl2c,5,L,342.5
hdbjnl2c,6,H,340.7000000476837
hdbjnl2c,6,L,356.44999998807907
he7sr8mk,1,H,309.2999999523163
he7sr8mk,1,L,309.2000000476837
he7sr8mk,2,H,318.7999999523163
he7sr8mk,2,L,329.10000014305115
he7sr8mk,3,H,310.2000000476837
he7sr8mk,3,L,311.35000002384186
he7sr8mk,4,H,291.64999997615814
he7sr8mk,4,L,296.5
he7sr8mk,5,H,285.09999990463257
he7sr8mk,5,L,286
he7sr8mk,6,H,300
he7sr8mk,6,L,310.0500000715256
hegg4ro3,1,H,374
hegg4ro3,1,L,373.19999998807907
hegg4ro3,2,H,353.6500000357628
hegg4ro3,2,L,370.2999999523163
hegg4ro3,3,H,342.69999998807907
hegg4ro3,3,L,344.60000002384186
hegg4ro3,4,H,319.8499999642372
hegg4ro3,4,L,335.60000002384186
hegg4ro3,5,H,335.40000009536743
hegg4ro3,5,L,332.3499999642372
hegg4ro3,6,H,326.89999997615814
hegg4ro3,6,L,337.60000002384186
hgkrglvb,1,H,391
hgkrglvb,1,L,392.5
hgkrglvb,2,H,391
hgkrglvb,2,L,395
hgkrglvb,3,H,402
hgkrglvb,3,L,412
hgkrglvb,4,H,408.5
hgkrglvb,4,L,410
hgkrglvb,5,H,380
hgkrglvb,5,L,383
hgkrglvb,6,H,404.5
hgkrglvb,6,L,403
hgvrtubi,1,H,360.6499999985099
hgvrtubi,1,L,378.29999999701977
hgvrtubi,2,H,362.40000000596046
hgvrtubi,2,L,350.69999999925494
hgvrtubi,3,H,350.09999999403954
hgvrtubi,3,L,366.70000000298023
hgvrtubi,4,H,346.69999999552965
hgvrtubi,4,L,354.1000000014901
hgvrtubi,5,H,338
hgvrtubi,5,L,356.1000000014901
hgvrtubi,6,H,345.5
hgvrtubi,6,L,353.09999999403954
hi6zokfx,1,H,403.5
hi6zokfx,1,L,419.7000000476837
hi6zokfx,2,H,389.60000014305115
hi6zokfx,2,L,410.7000000476837
hi6zokfx,3,H,390.2000000476837
hi6zokfx,3,L,413.40000009536743
hi6zokfx,4,H,358.65000009536743
hi6zokfx,4,L,384.5
hi6zokfx,5,H,364.9500000476837
hi6zokfx,5,L,372.1999999284744
hi6zokfx,6,H,371.64999997615814
hi6zokfx,6,L,384.35000002384186
hifa1lt0,1,H,368
hifa1lt0,1,L,386.5
hifa1lt0,2,H,396
hifa1lt0,2,L,392
hifa1lt0,3,H,374
hifa1lt0,3,L,385
hifa1lt0,4,H,365
hifa1lt0,4,L,369
hifa1lt0,5,H,371
hifa1lt0,5,L,400
hifa1lt0,6,H,372
hifa1lt0,6,L,367.5
hiz600nj,1,H,333.3999999910593
hiz600nj,1,L,344.5
hiz600nj,2,H,320.6000000014901
hiz600nj,2,L,331.65000000596046
hiz600nj,3,H,330.90000000596046
hiz600nj,3,L,342.69999998807907
hiz600nj,4,H,298
hiz600nj,4,L,315.8999999985099
hiz600nj,5,H,335.90000000596046
hiz600nj,5,L,317.5
hiz600nj,6,H,311.40000000596046
hiz600nj,6,L,326
hprh5n1p,1,H,407.19999980926514
hprh5n1p,1,L,402.84999990463257
hprh5n1p,2,H,420.89999997615814
hprh5n1p,2,L,402.09999990463257
hprh5n1p,3,H,402.09999990463257
hprh5n1p,3,L,401.40000009536743
hprh5n1p,4,H,366.60000002384186
hprh5n1p,4,L,365.90000009536743
hprh5n1p,5,H,402.75
hprh5n1p,5,L,387.2999999523163
hprh5n1p,6,H,367.89999985694885
hprh5n1p,6,L,389.5
hy7g3uyh,1,H,390.44999999925494
hy7g3uyh,1,L,373.5
hy7g3uyh,2,H,380.44999999552965
hy7g3uyh,2,L,406.69999999552965
hy7g3uyh,3,H,358.2499999962747
hy7g3uyh,3,L,370.69999999552965
hy7g3uyh,4,H,354.4999999962747
hy7g3uyh,4,L,371.6499999985099
hy7g3uyh,5,H,354
hy7g3uyh,5,L,343
hy7g3uyh,6,H,339.09999999403954
hy7g3uyh,6,L,351.9999999962747
hz8tf3vd,1,H,329.6000000014901
hz8tf3vd,1,L,323.90000000037253
hz8tf3vd,2,H,325.4500000011176
hz8tf3vd,2,L,334.4000000022352
hz8tf3vd,3,H,329.5
hz8tf3vd,3,L,324.65000000037253
hz8tf3vd,4,H,312.20000000298023
hz8tf3vd,4,L,320.25
hz8tf3vd,5,H,315.80000000447035
hz8tf3vd,5,L,321.5
hz8tf3vd,6,H,320
hz8tf3vd,6,L,322.75
i0g6t95m,1,H,411.95000000018626
i0g6t95m,1,L,431.90000000037253
i0g6t95m,2,H,403.80000000074506
i0g6t95m,2,L,413.65000000037253
i0g6t95m,3,H,415.44999999925494
i0g6t95m,3,L,439.9000000003726
i0g6t95m,4,H,353.69999999925494
i0g6t95m,4,L,363.80000000074506
i0g6t95m,5,H,373.3999999985099
i0g6t95m,5,L,384.90000000037253
i0g6t95m,6,H,369.2000000011176
i0g6t95m,6,L,378
i7buva8v,1,H,413
i7buva8v,1,L,362.3000000715256
i7buva8v,2,H,459.14999997615814
i7buva8v,2,L,444.25
i7buva8v,3,H,456.39999997615814
i7buva8v,3,L,450.80000019073486
i7buva8v,4,H,373.7500001192093
i7buva8v,4,L,384.80000019073486
i7buva8v,5,H,395.35000002384186
i7buva8v,5,L,372.09999990463257
i7buva8v,6,H,399.2000000476837
i7buva8v,6,L,380.60000014305115
i8qv8im9,1,H,502
i8qv8im9,1,L,522.3999999761581
i8qv8im9,2,H,485.14999997615814
i8qv8im9,2,L,497.69999998807907
i8qv8im9,3,H,478.5
i8qv8im9,3,L,466.30000001192093
i8qv8im9,4,H,423.8500000834465
i8qv8im9,4,L,436.39999997615814
i8qv8im9,5,H,436.90000009536743
i8qv8im9,5,L,434.69999998807907
i8qv8im9,6,H,418.75
i8qv8im9,6,L,413.7000000476837
ignzshk6,1,H,350.6000000014901
ignzshk6,1,L,344.3999999985099
ignzshk6,2,H,336.80000000074506
ignzshk6,2,L,348.80000000074506
ignzshk6,3,H,332.94999999925494
ignzshk6,3,L,340.3999999985099
ignzshk6,4,H,310.4000000022352
ignzshk6,4,L,320.25
ignzshk6,5,H,334.34999999962747
ignzshk6,5,L,327.69999999925494
ignzshk6,6,H,329.20000000298023
ignzshk6,6,L,332.1000000014901
iufx87jk,1,H,397.69999999995343
iufx87jk,1,L,398
iufx87jk,2,H,414.5
iufx87jk,2,L,411
iufx87jk,3,H,356.05000000004657
iufx87jk,3,L,372.69999999995343
iufx87jk,4,H,358.39999999990687
iufx87jk,4,L,354.30000000004657
iufx87jk,5,H,388.60000000009313
iufx87jk,5,L,377.79999999981374
iufx87jk,6,H,404.9000000003726
iufx87jk,6,L,397.1999999997206
jscgnhdg,1,H,359.40000009536743
jscgnhdg,1,L,379.90000009536743
jscgnhdg,2,H,374.2000000476837
jscgnhdg,2,L,396.89999985694885
jscgnhdg,3,H,335.7999999523163
jscgnhdg,3,L,346.5
jscgnhdg,4,H,311.64999997615814
jscgnhdg,4,L,321.3000000715256
jscgnhdg,5,H,321.65000009536743
jscgnhdg,5,L,340.65000009536743
jscgnhdg,6,H,320.5
jscgnhdg,6,L,329.6999999284744
juxni43e,1,H,330.4000005722046
juxni43e,1,L,348.90000009536743
juxni43e,2,H,327
juxni43e,2,L,337.19999980926514
juxni43e,3,H,316.09999990463257
juxni43e,3,L,321.94999980926514
juxni43e,4,H,301.69999980926514
juxni43e,4,L,301.69999980926514
juxni43e,5,H,312.4000005722046
juxni43e,5,L,319.0999994277954
juxni43e,6,H,314.2000002861023
juxni43e,6,L,315.1000003814697
jwgxbjzf,1,H,405.6499999985099
jwgxbjzf,1,L,406.04999999701977
jwgxbjzf,2,H,416.59999999403954
jwgxbjzf,2,L,424.84999999403954
jwgxbjzf,3,H,392.59999999403954
jwgxbjzf,3,L,410.70000000298023
jwgxbjzf,4,H,340.8999999910593
jwgxbjzf,4,L,354.3500000014901
jwgxbjzf,5,H,364.3999999910593
jwgxbjzf,5,L,373.09999999403954
jwgxbjzf,6,H,369.09999999403954
jwgxbjzf,6,L,364.2499999925494
k1haxar6,1,H,347.89999997615814
k1haxar6,1,L,368.5500000715256
k1haxar6,2,H,397.5
k1haxar6,2,L,394.09999990463257
k1haxar6,3,H,368.60000002384186
k1haxar6,3,L,357.7000000476837
k1haxar6,4,H,318.40000009536743
k1haxar6,4,L,319.25
k1haxar6,5,H,337
k1haxar6,5,L,352.5499999523163
k1haxar6,6,H,327.6500000357628
k1haxar6,6,L,332.6500000357628
kaj4d6us,1,H,343
kaj4d6us,1,L,359.5
kaj4d6us,2,H,357.59999999403954
kaj4d6us,2,L,370.60000002384186
kaj4d6us,3,H,349.5
kaj4d6us,3,L,356.5499999821186
kaj4d6us,4,H,323.80000001192093
kaj4d6us,4,L,327.05000001192093
kaj4d6us,5,H,339.30000001192093
kaj4d6us,5,L,352.89999997615814
kaj4d6us,6,H,338.35000002384186
kaj4d6us,6,L,368.89999997615814
kfigyu57,1,H,393.60000002384186
kfigyu57,1,L,381.5
kfigyu57,2,H,396.199999988079
kfigyu57,2,L,392.7000000178814
kfigyu57,3,H,377.5999999642372
kfigyu57,3,L,381
kfigyu57,4,H,329.7000000178814
kfigyu57,4,L,359.09999999403954
kfigyu57,5,H,357.35000002384186
kfigyu57,5,L,347.19999998807907
kfigyu57,6,H,364.5499999821186
kfigyu57,6,L,374.300000011921
kkyl1756,1,H,362.69999999552965
kkyl1756,1,L,370.29999999701977
kkyl1756,2,H,386.70000000298023
kkyl1756,2,L,384.25
kkyl1756,3,H,393.29999999701977
kkyl1756,3,L,411.7499999925494
kkyl1756,4,H,429.29999999701977
kkyl1756,4,L,439
kkyl1756,5,H,373.19999999552965
kkyl1756,5,L,369.7499999925494
kkyl1756,6,H,359.90000000596046
kkyl1756,6,L,371.300000011921
klijsnkr,1,H,404.09999999962747
klijsnkr,1,L,405.9000000003726
klijsnkr,2,H,391.40000000130385
klijsnkr,2,L,420.75
klijsnkr,3,H,412.3999999994412
klijsnkr,3,L,401.4000000003726
klijsnkr,4,H,327.45000000018626
klijsnkr,4,L,325.75
klijsnkr,5,H,343.2000000011176
klijsnkr,5,L,341.7999999988824
klijsnkr,6,H,337
klijsnkr,6,L,350.90000000037253
knznxrg2,1,H,322.10000002384186
knznxrg2,1,L,324.69999998807907
knznxrg2,2,H,325.00000005960464
knznxrg2,2,L,336.05000001192093
knznxrg2,3,H,332.75
knznxrg2,3,L,333.50000005960464
knznxrg2,4,H,315.90000009536743
knznxrg2,4,L,324.5
knznxrg2,5,H,337.5
knznxrg2,5,L,339.44999998807907
knznxrg2,6,H,332.44999998807907
knznxrg2,6,L,346.10000002384186
kv027ctc,1,H,434.29999999701977
kv027ctc,1,L,437.70000000298023
kv027ctc,2,H,409.6000000089407
kv027ctc,2,L,399.19999999552965
kv027ctc,3,H,415.29999999701977
kv027ctc,3,L,406.94999999552965
kv027ctc,4,H,363.25
kv027ctc,4,L,359.65000000596046
kv027ctc,5,H,372.59999999403954
kv027ctc,5,L,361.29999999701977
kv027ctc,6,H,389.2000000178814
kv027ctc,6,L,388.2999999821186
l75tdx7z,1,H,432.5
l75tdx7z,1,L,437
l75tdx7z,2,H,435
l75tdx7z,2,L,428.5
l75tdx7z,3,H,439
l75tdx7z,3,L,418.5
l75tdx7z,4,H,395
l75tdx7z,4,L,388.5
l75tdx7z,5,H,391.5
l75tdx7z,5,L,406
l75tdx7z,6,H,409.5
l75tdx7z,6,L,402
ldmmwz4f,1,H,368.75
ldmmwz4f,1,L,355.19999980926514
ldmmwz4f,2,H,382.7999999523163
ldmmwz4f,2,L,376.09999990463257
ldmmwz4f,3,H,349.60000014305115
ldmmwz4f,3,L,354.5
ldmmwz4f,4,H,332.2999999523163
ldmmwz4f,4,L,322.5
ldmmwz4f,5,H,365.65000009536743
ldmmwz4f,5,L,372.64999997615814
ldmmwz4f,6,H,347.5499999523163
ldmmwz4f,6,L,354
llsj1iws,1,H,412.79999999981374
llsj1iws,1,L,430.05000000074506
llsj1iws,2,H,394.4000000003726
llsj1iws,2,L,398.65000000037253
llsj1iws,3,H,379.7999999988824
llsj1iws,3,L,383.45000000018626
llsj1iws,4,H,370.5
llsj1iws,4,L,375.25
llsj1iws,5,H,366.84999999962747
llsj1iws,5,L,371.4000000003726
llsj1iws,6,H,349.5
llsj1iws,6,L,376.29999999981374
ln7kg8ue,1,H,398.19999999925494
ln7kg8ue,1,L,400.5999999977648
ln7kg8ue,2,H,376.3999999985099
ln7kg8ue,2,L,380.75
ln7kg8ue,3,H,358.3999999985099
ln7kg8ue,3,L,368.20000000298023
ln7kg8ue,4,H,335.5
ln7kg8ue,4,L,339.19999999552965
ln7kg8ue,5,H,370.20000000298023
ln7kg8ue,5,L,350.25
ln7kg8ue,6,H,344.8499999977648
ln7kg8ue,6,L,373.20000000298023
lv8ld5wh,1,H,345.30000001192093
lv8ld5wh,1,L,349.7999999821186
lv8ld5wh,2,H,342.30000001192093
lv8ld5wh,2,L,353.19999998807907
lv8ld5wh,3,H,356
lv8ld5wh,3,L,354.75
lv8ld5wh,4,H,332.39999997615814
lv8ld5wh,4,L,342.89999997615814
lv8ld5wh,5,H,351.90000000596046
lv8ld5wh,5,L,350.7000000178814
lv8ld5wh,6,H,360.75
lv8ld5wh,6,L,365.449999988079
lykz1rsu,1,H,450.09999990463257
lykz1rsu,1,L,468.15000009536743
lykz1rsu,2,H,459.9499999284744
lykz1rsu,2,L,451.5
lykz1rsu,3,H,443
lykz1rsu,3,L,474.90000009536743
lykz1rsu,4,H,374.39999985694885
lykz1rsu,4,L,392.75
lykz1rsu,5,H,409.5
lykz1rsu,5,L,398.2500001192093
lykz1rsu,6,H,422.40000009536743
lykz1rsu,6,L,420.5
mee14g6o,1,H,367.0499999523163
mee14g6o,1,L,375.10000002384186
mee14g6o,2,H,358.7999999523163
mee14g6o,2,L,367.84999990463257
mee14g6o,3,H,339.64999997615814
mee14g6o,3,L,360.09999990463257
mee14g6o,4,H,327.69999980926514
mee14g6o,4,L,328.40000009536743
mee14g6o,5,H,330.0499999523163
mee14g6o,5,L,343.35000002384186
mee14g6o,6,H,330.2999999523163
mee14g6o,6,L,341.5
megc4lwa,1,H,383.9500000178814
megc4lwa,1,L,402.44999998807907
megc4lwa,2,H,377.7999999821186
megc4lwa,2,L,384.2000000178814
megc4lwa,3,H,366.84999999403954
megc4lwa,3,L,378.699999988079
megc4lwa,4,H,363.300000011921
megc4lwa,4,L,369.75
megc4lwa,5,H,360.9500000178814
megc4lwa,5,L,369.4500000178814
megc4lwa,6,H,365.199999988079
megc4lwa,6,L,375.5
mei70uns,1,H,481.6999999284744
mei70uns,1,L,486.5499999523163
mei70uns,2,H,500.89999985694885
mei70uns,2,L,505.60000002384186
mei70uns,3,H,461.7000000476837
mei70uns,3,L,479.25
mei70uns,4,H,396.09999990463257
mei70uns,4,L,408.40000009536743
mei70uns,5,H,406.5500000715256
mei70uns,5,L,410.64999997615814
mei70uns,6,H,393.80000019073486
mei70uns,6,L,429.7999999523163
merxonq0,1,H,407.9499999284744
merxonq0,1,L,397.2999999523163
merxonq0,2,H,416.5
merxonq0,2,L,416.2000000476837
merxonq0,3,H,382.15000009536743
merxonq0,3,L,391.59999990463257
merxonq0,4,H,354.39999985694885
merxonq0,4,L,360
merxonq0,5,H,356.2999999523163
merxonq0,5,L,346.9499999284744
merxonq0,6,H,366.7000000476837
merxonq0,6,L,365.5
msc1rxqn,1,H,370.10000014305115
msc1rxqn,1,L,367.75
msc1rxqn,2,H,358.14999985694885
msc1rxqn,2,L,357.2500001192093
msc1rxqn,3,H,344.64999997615814
msc1rxqn,3,L,356.25
msc1rxqn,4,H,331.2000000476837
msc1rxqn,4,L,333.7999999523163
msc1rxqn,5,H,331.89999985694885
msc1rxqn,5,L,343.40000009536743
msc1rxqn,6,H,336.60000002384186
msc1rxqn,6,L,331.90000009536743
mtlahwgq,1,H,358.09999990463257
mtlahwgq,1,L,372.2999999523163
mtlahwgq,2,H,362.9500000476837
mtlahwgq,2,L,356.80000019073486
mtlahwgq,3,H,342.40000009536743
mtlahwgq,3,L,350.2000000476837
mtlahwgq,4,H,313.5
mtlahwgq,4,L,323.90000009536743
mtlahwgq,5,H,319.25
mtlahwgq,5,L,316.2000000476837
mtlahwgq,6,H,319.2000000476837
mtlahwgq,6,L,326.7999999523163
n29bvgfq,1,H,417.39999997615814
n29bvgfq,1,L,429.80000001192093
n29bvgfq,2,H,412.6999999284744
n29bvgfq,2,L,422.74999994039536
n29bvgfq,3,H,386.09999990463257
n29bvgfq,3,L,415
n29bvgfq,4,H,367.7000000476837
n29bvgfq,4,L,368.2000000476837
n29bvgfq,5,H,386.05000001192093
n29bvgfq,5,L,362.39999997615814
n29bvgfq,6,H,364.7000000476837
n29bvgfq,6,L,364.69999998807907
n5zkdivb,1,H,318.8000000002794
n5zkdivb,1,L,316.0999999998603
n5zkdivb,2,H,339.05000000004657
n5zkdivb,2,L,344.1999999997206
n5zkdivb,3,H,329.10000000009313
n5zkdivb,3,L,329.89999999990687
n5zkdivb,4,H,287.10000000009313
n5zkdivb,4,L,298.40000000037253
n5zkdivb,5,H,312.44999999925494
n5zkdivb,5,L,309.50000000046566
n5zkdivb,6,H,308.20000000018626
n5zkdivb,6,L,322.20000000018626
n98bw1w1,1,H,441.09999999403954
n98bw1w1,1,L,449.1000000014901
n98bw1w1,2,H,416
n98bw1w1,2,L,429.5
n98bw1w1,3,H,418.79999999701977
n98bw1w1,3,L,419.20000000298023
n98bw1w1,4,H,379.8999999985099
n98bw1w1,4,L,382.8999999985099
n98bw1w1,5,H,399.5
n98bw1w1,5,L,393.20000000298023
n98bw1w1,6,H,391.0000000074506
n98bw1w1,6,L,400.5
ndrjpwzk,1,H,416.39999997615814
ndrjpwzk,1,L,426.6500000357628
ndrjpwzk,2,H,366
ndrjpwzk,2,L,388.89999997615814
ndrjpwzk,3,H,377.3000000715256
ndrjpwzk,3,L,390.55000001192093
ndrjpwzk,4,H,339.85000002384186
ndrjpwzk,4,L,362.10000002384186
ndrjpwzk,5,H,372.6499999165535
ndrjpwzk,5,L,393.2999999523163
ndrjpwzk,6,H,390.4500000476837
ndrjpwzk,6,L,393.3000000715256
nj1xo326,1,H,423.1000000834465
nj1xo326,1,L,435.1999999284744
nj1xo326,2,H,424.89999997615814
nj1xo326,2,L,444.60000002384186
nj1xo326,3,H,414.89999997615814
nj1xo326,3,L,413.8499999642372
nj1xo326,4,H,374.90000009536743
nj1xo326,4,L,395.7000000476837
nj1xo326,5,H,415.40000009536743
nj1xo326,5,L,393.2999999523163
nj1xo326,6,H,414.1999999284744
nj1xo326,6,L,401.75
noei6ysf,1,H,356.39999985694885
noei6ysf,1,L,368.9500000476837
noei6ysf,2,H,351.5000001192093
noei6ysf,2,L,362.90000009536743
noei6ysf,3,H,331.7999999523163
noei6ysf,3,L,328.7999999523163
noei6ysf,4,H,321.40000009536743
noei6ysf,4,L,337.09999990463257
noei6ysf,5,H,349.0499999523163
noei6ysf,5,L,344.69999980926514
noei6ysf,6,H,336.2999999523163
noei6ysf,6,L,346.59999990463257
nw012b80,1,H,418
nw012b80,1,L,434.5
nw012b80,2,H,415
nw012b80,2,L,448.5
nw012b80,3,H,409.5
nw012b80,3,L,456.5
nw012b80,4,H,386.5
nw012b80,4,L,410
nw012b80,5,H,417
nw012b80,5,L,407.5
nw012b80,6,H,389
nw012b80,6,L,431
o0rf6ttx,1,H,374
o0rf6ttx,1,L,386.2999999523163
o0rf6ttx,2,H,471
o0rf6ttx,2,L,463.4500000476837
o0rf6ttx,3,H,432.10000002384186
o0rf6ttx,3,L,437.5
o0rf6ttx,4,H,383.4499999284744
o0rf6ttx,4,L,391.39999985694885
o0rf6ttx,5,H,410.2999999523163
o0rf6ttx,5,L,392.9499999284744
o0rf6ttx,6,H,397.7000000476837
o0rf6ttx,6,L,421.85000002384186
o0s5d3oa,1,H,417.40000009536743
o0s5d3oa,1,L,431.7000000476837
o0s5d3oa,2,H,388
o0s5d3oa,2,L,407.7999999523163
o0s5d3oa,3,H,388.09999990463257
o0s5d3oa,3,L,424
o0s5d3oa,4,H,364.10000014305115
o0s5d3oa,4,L,372.19999980926514
o0s5d3oa,5,H,394.8000000715256
o0s5d3oa,5,L,374.7000000476837
o0s5d3oa,6,H,376.9999998807907
o0s5d3oa,6,L,391.4999998807907
o164htod,1,H,353
o164htod,1,L,355
o164htod,2,H,356.5
o164htod,2,L,355
o164htod,3,H,349
o164htod,3,L,351
o164htod,4,H,346
o164htod,4,L,349.5
o164htod,5,H,339
o164htod,5,L,337
o164htod,6,H,342.5
o164htod,6,L,344
o7t1h1uu,1,H,423.1999999284744
o7t1h1uu,1,L,435.39999997615814
o7t1h1uu,2,H,365.2999999523163
o7t1h1uu,2,L,387.7999999523163
o7t1h1uu,3,H,343
o7t1h1uu,3,L,348.09999990463257
o7t1h1uu,4,H,340.0999999642372
o7t1h1uu,4,L,358.64999997615814
o7t1h1uu,5,H,382.69999998807907
o7t1h1uu,5,L,377.7999999523163
o7t1h1uu,6,H,349.25
o7t1h1uu,6,L,375.40000009536743
oc4nj0mw,1,H,409.45000000298023
oc4nj0mw,1,L,426.54999999701977
oc4nj0mw,2,H,385.79999999701977
oc4nj0mw,2,L,377.79999999701977
oc4nj0mw,3,H,361.84999999403954
oc4nj0mw,3,L,360.1000000089407
oc4nj0mw,4,H,328.70000000298023
oc4nj0mw,4,L,353.79999999701977
oc4nj0mw,5,H,341.79999999701977
oc4nj0mw,5,L,312.70000000298023
oc4nj0mw,6,H,336.40000000596046
oc4nj0mw,6,L,348.20000000298023
og139wwb,1,H,418.60000014305115
og139wwb,1,L,422.14999997615814
og139wwb,2,H,408.14999997615814
og139wwb,2,L,405.59999990463257
og139wwb,3,H,431.35000002384186
og139wwb,3,L,428.14999997615814
og139wwb,4,H,373.2500001192093
og139wwb,4,L,377.2000000476837
og139wwb,5,H,397.2000000476837
og139wwb,5,L,407.200000166893
og139wwb,6,H,400.75
og139wwb,6,L,395.5
oj7dfs8q,1,H,371.5
oj7dfs8q,1,L,363.35000002384186
oj7dfs8q,2,H,371.2000000476837
oj7dfs8q,2,L,372.5500000715256
oj7dfs8q,3,H,358
oj7dfs8q,3,L,353.35000002384186
oj7dfs8q,4,H,334.7999999523163
oj7dfs8q,4,L,333.7000000476837
oj7dfs8q,5,H,340
oj7dfs8q,5,L,339.30000019073486
oj7dfs8q,6,H,327.89999997615814
oj7dfs8q,6,L,332.0499999523163
ojgtxh4b,1,H,321.5
ojgtxh4b,1,L,340.25
ojgtxh4b,2,H,321.09999999403954
ojgtxh4b,2,L,331.30000001192093
ojgtxh4b,3,H,320.59999999403954
ojgtxh4b,3,L,345.09999999403954
ojgtxh4b,4,H,284.90000000596046
ojgtxh4b,4,L,292.19999998807907
ojgtxh4b,5,H,317.24999998509884
ojgtxh4b,5,L,314.3999999910593
ojgtxh4b,6,H,302.65000000596046
ojgtxh4b,6,L,302.79999999701977
op2f5tbq,1,H,370
op2f5tbq,1,L,367
op2f5tbq,2,H,364
op2f5tbq,2,L,370.5
op2f5tbq,3,H,359.5
op2f5tbq,3,L,396
op2f5tbq,4,H,369.5
op2f5tbq,4,L,370
op2f5tbq,5,H,358
op2f5tbq,5,L,373
op2f5tbq,6,H,363
op2f5tbq,6,L,372.5
opoeebkv,1,H,420.90000000596046
opoeebkv,1,L,410
opoeebkv,2,H,412.199999988079
opoeebkv,2,L,418.09999999403954
opoeebkv,3,H,403.2000000178814
opoeebkv,3,L,420.29999999701977
opoeebkv,4,H,396.45000000298023
opoeebkv,4,L,399.2999999821186
opoeebkv,5,H,404.79999999701977
opoeebkv,5,L,395.59999999403954
opoeebkv,6,H,414.70000000298023
opoeebkv,6,L,423.75
orpo5v41,1,H,385.7000000476837
orpo5v41,1,L,387.60000002384186
orpo5v41,2,H,386.2999999523163
orpo5v41,2,L,373.09999990463257
orpo5v41,3,H,348.89999985694885
orpo5v41,3,L,353.09999990463257
orpo5v41,4,H,329.30000019073486
orpo5v41,4,L,343.1999999284744
orpo5v41,5,H,337.5
orpo5v41,5,L,339.64999997615814
orpo5v41,6,H,338.85000002384186
orpo5v41,6,L,346.25
ou69io2m,1,H,401.39999997615814
ou69io2m,1,L,400.7999999523163
ou69io2m,2,H,411.1999999284744
ou69io2m,2,L,408.6999999284744
ou69io2m,3,H,391.10000002384186
ou69io2m,3,L,404.85000002384186
ou69io2m,4,H,368.2999999523163
ou69io2m,4,L,376.39999997615814
ou69io2m,5,H,406.85000002384186
ou69io2m,5,L,400.60000002384186
ou69io2m,6,H,386.8499999642372
ou69io2m,6,L,421.09999990463257
ov0ykrcj,1,H,401.2000000476837
ov0ykrcj,1,L,379.40000009536743
ov0ykrcj,2,H,366.2999999523163
ov0ykrcj,2,L,375.7999999523163
ov0ykrcj,3,H,388.450000166893
ov0ykrcj,3,L,377.64999997615814
ov0ykrcj,4,H,333.7999999523163
ov0ykrcj,4,L,335.5
ov0ykrcj,5,H,351.10000002384186
ov0ykrcj,5,L,372.7000000476837
ov0ykrcj,6,H,365.2000000476837
ov0ykrcj,6,L,355.14999997615814
ov6zilsh,1,H,360.10000014305115
ov6zilsh,1,L,363.4500000476837
ov6zilsh,2,H,354.09999990463257
ov6zilsh,2,L,370.5
ov6zilsh,3,H,338.2000000476837
ov6zilsh,3,L,363.89999985694885
ov6zilsh,4,H,322.2000000476837
ov6zilsh,4,L,335.60000002384186
ov6zilsh,5,H,337.40000009536743
ov6zilsh,5,L,343.40000009536743
ov6zilsh,6,H,319.2999999523163
ov6zilsh,6,L,334.2999999523163
ow986b5y,1,H,410
ow986b5y,1,L,402
ow986b5y,2,H,380
ow986b5y,2,L,400.5
ow986b5y,3,H,396.5
ow986b5y,3,L,395
ow986b5y,4,H,368
ow986b5y,4,L,383
ow986b5y,5,H,381
ow986b5y,5,L,371
ow986b5y,6,H,376
ow986b5y,6,L,381
oy96qcal,1,H,375.7000000476837
oy96qcal,1,L,399.59999990463257
oy96qcal,2,H,387.7500001192093
oy96qcal,2,L,363.84999990463257
oy96qcal,3,H,371.39999985694885
oy96qcal,3,L,377.7999999523163
oy96qcal,4,H,342
oy96qcal,4,L,345.40000009536743
oy96qcal,5,H,366.90000009536743
oy96qcal,5,L,348.0499999523163
oy96qcal,6,H,367.5
oy96qcal,6,L,363.90000009536743
p7r46bu5,1,H,394.59999990463257
p7r46bu5,1,L,395.7000000476837
p7r46bu5,2,H,399.9000000357628
p7r46bu5,2,L,388.64999997615814
p7r46bu5,3,H,386.3499999642372
p7r46bu5,3,L,427.60000002384186
p7r46bu5,4,H,345.5
p7r46bu5,4,L,346.94999998807907
p7r46bu5,5,H,355
p7r46bu5,5,L,361.94999998807907
p7r46bu5,6,H,375.05000001192093
p7r46bu5,6,L,373.80000001192093
p82edp2y,1,H,363.44999998807907
p82edp2y,1,L,351.4499999284744
p82edp2y,2,H,365.89999997615814
p82edp2y,2,L,346
p82edp2y,3,H,324.10000002384186
p82edp2y,3,L,321.09999990463257
p82edp2y,4,H,325.10000002384186
p82edp2y,4,L,316.7999999523163
p82edp2y,5,H,325.89999997615814
p82edp2y,5,L,323.2000000476837
p82edp2y,6,H,316.1500000357628
p82edp2y,6,L,322.1999999284744
pc2f0ui6,1,H,439.2000000476837
pc2f0ui6,1,L,447.40000009536743
pc2f0ui6,2,H,414
pc2f0ui6,2,L,424.69999980926514
pc2f0ui6,3,H,384.7000000476837
pc2f0ui6,3,L,394.89999997615814
pc2f0ui6,4,H,352.60000002384186
pc2f0ui6,4,L,352.2999999523163
pc2f0ui6,5,H,356.2499998807907
pc2f0ui6,5,L,350.6999999284744
pc2f0ui6,6,H,398.10000002384186
pc2f0ui6,6,L,399.85000002384186
pc4rm08d,1,H,420.39999997615814
pc4rm08d,1,L,427.60000002384186
pc4rm08d,2,H,436.2000000476837
pc4rm08d,2,L,447.69999998807907
pc4rm08d,3,H,461.7000000476837
pc4rm08d,3,L,450.44999998807907
pc4rm08d,4,H,341.39999997615814
pc4rm08d,4,L,337.4000000357628
pc4rm08d,5,H,364.60000002384186
pc4rm08d,5,L,358.60000002384186
pc4rm08d,6,H,360.44999998807907
pc4rm08d,6,L,376.4000000357628
pft5n8y6,1,H,354.30000001192093
pft5n8y6,1,L,349.30000001192093
pft5n8y6,2,H,351.05000001192093
pft5n8y6,2,L,347.10000002384186
pft5n8y6,3,H,331
pft5n8y6,3,L,325.89999997615814
pft5n8y6,4,H,314.8000000715256
pft5n8y6,4,L,323.5
pft5n8y6,5,H,318.5
pft5n8y6,5,L,323.49999994039536
pft5n8y6,6,H,317.10000002384186
pft5n8y6,6,L,313.10000002384186
pl9my9hx,1,H,390.60000014305115
pl9my9hx,1,L,395.15000009536743
pl9my9hx,2,H,387.09999990463257
pl9my9hx,2,L,376.7500001192093
pl9my9hx,3,H,365.1999999284744
pl9my9hx,3,L,376.0499999523163
pl9my9hx,4,H,341.64999997615814
pl9my9hx,4,L,358.7999999523163
pl9my9hx,5,H,369.60000002384186
pl9my9hx,5,L,366.2499998807907
pl9my9hx,6,H,354.09999990463257
pl9my9hx,6,L,352.89999985694885
pozsjx4f,1,H,396.65000000596046
pozsjx4f,1,L,398
pozsjx4f,2,H,377.19999998807907
pozsjx4f,2,L,385.2500000298023
pozsjx4f,3,H,362.9000000357628
pozsjx4f,3,L,371.300000011921
pozsjx4f,4,H,310.44999998807907
pozsjx4f,4,L,310.5499999821186
pozsjx4f,5,H,324.9500000178814
pozsjx4f,5,L,322.5
pozsjx4f,6,H,328.2999999523163
pozsjx4f,6,L,333.30000001192093
pp56h32v,1,H,333.95000000298023
pp56h32v,1,L,336.8500000089407
pp56h32v,2,H,336.2000000178814
pp56h32v,2,L,333.7000000178814
pp56h32v,3,H,329.45000000298023
pp56h32v,3,L,337.69999998807907
pp56h32v,4,H,315.59999999403954
pp56h32v,4,L,317.8999999910593
pp56h32v,5,H,317.84999999403954
pp56h32v,5,L,316.70000000298023
pp56h32v,6,H,324.95000000298023
pp56h32v,6,L,330.95000000298023
przvqjfv,1,H,425.90000000596046
przvqjfv,1,L,413
przvqjfv,2,H,421.59999999403954
przvqjfv,2,L,417.54999999701977
przvqjfv,3,H,418.54999999701977
przvqjfv,3,L,423.7999999821186
przvqjfv,4,H,362.54999999701977
przvqjfv,4,L,368.40000000596046
przvqjfv,5,H,385.2999999821186
przvqjfv,5,L,381.09999999403954
przvqjfv,6,H,368.89999997615814
przvqjfv,6,L,362.90000000596046
pw6hk232,1,H,401.2999999523163
pw6hk232,1,L,385.9999998807907
pw6hk232,2,H,398.40000009536743
pw6hk232,2,L,394
pw6hk232,3,H,386.19999980926514
pw6hk232,3,L,387.4500000476837
pw6hk232,4,H,342.40000009536743
pw6hk232,4,L,347.2000000476837
pw6hk232,5,H,372.7000000476837
pw6hk232,5,L,376
pw6hk232,6,H,374
pw6hk232,6,L,379.10000002384186
q2og7bcw,1,H,366
q2og7bcw,1,L,358.09999990463257
q2og7bcw,2,H,357.09999990463257
q2og7bcw,2,L,345.40000009536743
q2og7bcw,3,H,343.10000014305115
q2og7bcw,3,L,331
q2og7bcw,4,H,330.10000014305115
q2og7bcw,4,L,337.09999990463257
q2og7bcw,5,H,344.7000000476837
q2og7bcw,5,L,347.60000014305115
q2og7bcw,6,H,329.89999997615814
q2og7bcw,6,L,319.7999999523163
qbftx87x,1,H,349
qbftx87x,1,L,331.89999997615814
qbftx87x,2,H,350.80000001192093
qbftx87x,2,L,349.80000001192093
qbftx87x,3,H,371.2499999701977
qbftx87x,3,L,380.4500000178814
qbftx87x,4,H,338.75
qbftx87x,4,L,342.69999998807907
qbftx87x,5,H,346.55000001192093
qbftx87x,5,L,342.34999999403954
qbftx87x,6,H,356.9000000357628
qbftx87x,6,L,372.5
qh2z8vvu,1,H,436.5499999821186
qh2z8vvu,1,L,433.5
qh2z8vvu,2,H,411.5
qh2z8vvu,2,L,408
qh2z8vvu,3,H,384.2999999821186
qh2z8vvu,3,L,395.2000000476837
qh2z8vvu,4,H,359.90000000596046
qh2z8vvu,4,L,386.60000002384186
qh2z8vvu,5,H,370.19999998807907
qh2z8vvu,5,L,385.89999997615814
qh2z8vvu,6,H,386.5499999821186
qh2z8vvu,6,L,391.5
qkicgoft,1,H,348
qkicgoft,1,L,377.7999999523163
qkicgoft,2,H,369.64999997615814
qkicgoft,2,L,396.39999997615814
qkicgoft,3,H,341.34999990463257
qkicgoft,3,L,360.5499999523163
qkicgoft,4,H,317.5
qkicgoft,4,L,320.15000009536743
qkicgoft,5,H,330.35000002384186
qkicgoft,5,L,344.10000002384186
qkicgoft,6,H,330.25
qkicgoft,6,L,333.2000000476837
qqwe9imb,1,H,375.75
qqwe9imb,1,L,378.30000019073486
qqwe9imb,2,H,379.5
qqwe9imb,2,L,371.40000009536743
qqwe9imb,3,H,364.7500001192093
qqwe9imb,3,L,389.85000002384186
qqwe9imb,4,H,327.9499999284744
qqwe9imb,4,L,321.40000009536743
qqwe9imb,5,H,334.7000000476837
qqwe9imb,5,L,338
qqwe9imb,6,H,340.59999990463257
qqwe9imb,6,L,348.85000002384186
qraan3df,1,H,437.64999997615814
qraan3df,1,L,443.40000009536743
qraan3df,2,H,467.6999999284744
qraan3df,2,L,468.7000000476837
qraan3df,3,H,450.90000009536743
qraan3df,3,L,434
qraan3df,4,H,384.59999990463257
qraan3df,4,L,400.19999980926514
qraan3df,5,H,414.14999997615814
qraan3df,5,L,411.25
qraan3df,6,H,371.0499999523163
qraan3df,6,L,370.2999999523163
qt76109e,1,H,493.3999999985099
qt76109e,1,L,485.80000000447035
qt76109e,2,H,428.6000000014901
qt76109e,2,L,417.5
qt76109e,3,H,408.5000000037253
qt76109e,3,L,440.6499999985099
qt76109e,4,H,392.3500000014901
qt76109e,4,L,380.79999999701977
qt76109e,5,H,419.8500000014901
qt76109e,5,L,425.70000000298023
qt76109e,6,H,417.6000000014901
qt76109e,6,L,428.19999999552965
qtl2vxy4,1,H,325.14999997615814
qtl2vxy4,1,L,330
qtl2vxy4,2,H,323.89999985694885
qtl2vxy4,2,L,323
qtl2vxy4,3,H,300.7500001192093
qtl2vxy4,3,L,314.80000019073486
qtl2vxy4,4,H,299.9500000476837
qtl2vxy4,4,L,307.80000019073486
qtl2vxy4,5,H,334.39999997615814
qtl2vxy4,5,L,338.4499999284744
qtl2vxy4,6,H,318.10000002384186
qtl2vxy4,6,L,335.40000009536743
qw0603kl,1,H,434.5
qw0603kl,1,L,454.90000009536743
qw0603kl,2,H,413.59999990463257
qw0603kl,2,L,411.65000009536743
qw0603kl,3,H,397.89999985694885
qw0603kl,3,L,423.9500002861023
qw0603kl,4,H,354.3999996185303
qw0603kl,4,L,366.7499997615814
qw0603kl,5,H,377.5499999523163
qw0603kl,5,L,372.80000019073486
qw0603kl,6,H,372.4500000476837
qw0603kl,6,L,372.25
qyefhmeo,1,H,321.5
qyefhmeo,1,L,330
qyefhmeo,2,H,335
qyefhmeo,2,L,343.5
qyefhmeo,3,H,337
qyefhmeo,3,L,349
qyefhmeo,4,H,294
qyefhmeo,4,L,317
qyefhmeo,5,H,322
qyefhmeo,5,L,329
qyefhmeo,6,H,321
qyefhmeo,6,L,336
r0jqeaev,1,H,352
r0jqeaev,1,L,349
r0jqeaev,2,H,356
r0jqeaev,2,L,347
r0jqeaev,3,H,359
r0jqeaev,3,L,361
r0jqeaev,4,H,320
r0jqeaev,4,L,344
r0jqeaev,5,H,327
r0jqeaev,5,L,348
r0jqeaev,6,H,341
r0jqeaev,6,L,337.5
r1rsvgco,1,H,383.40000000037253
r1rsvgco,1,L,389.55000000074506
r1rsvgco,2,H,369.95000000018626
r1rsvgco,2,L,393.09999999962747
r1rsvgco,3,H,377.1000000005588
r1rsvgco,3,L,380.6000000005588
r1rsvgco,4,H,352.7999999988824
r1rsvgco,4,L,357
r1rsvgco,5,H,352.7999999988824
r1rsvgco,5,L,356.0499999988824
r1rsvgco,6,H,381.3999999985099
r1rsvgco,6,L,384.6000000014901
r84jyjzi,1,H,302.40000009536743
r84jyjzi,1,L,301.2999999523163
r84jyjzi,2,H,295.85000002384186
r84jyjzi,2,L,298.39999997615814
r84jyjzi,3,H,284
r84jyjzi,3,L,286.39999997615814
r84jyjzi,4,H,267.25
r84jyjzi,4,L,274.2000000476837
r84jyjzi,5,H,280.5
r84jyjzi,5,L,289.8000000715256
r84jyjzi,6,H,286.39999997615814
r84jyjzi,6,L,294.40000009536743
r9pl56hp,1,H,349.5499999523163
r9pl56hp,1,L,336.59999990463257
r9pl56hp,2,H,367.7999999523163
r9pl56hp,2,L,370
r9pl56hp,3,H,355.90000009536743
r9pl56hp,3,L,350.5
r9pl56hp,4,H,312.2000000476837
r9pl56hp,4,L,311.90000009536743
r9pl56hp,5,H,321.19999980926514
r9pl56hp,5,L,328.7999999523163
r9pl56hp,6,H,330.5
r9pl56hp,6,L,340.69999980926514
rwtn9oet,1,H,412.5
rwtn9oet,1,L,407.60000002384186
rwtn9oet,2,H,443.5
rwtn9oet,2,L,429.10000002384186
rwtn9oet,3,H,449.5
rwtn9oet,3,L,431.5
rwtn9oet,4,H,411.94999998807907
rwtn9oet,4,L,419.60000002384186
rwtn9oet,5,H,437
rwtn9oet,5,L,424.60000002384186
rwtn9oet,6,H,402
rwtn9oet,6,L,398
s6ye1o1i,1,H,446.5
s6ye1o1i,1,L,429.40000009536743
s6ye1o1i,2,H,448.39999985694885
s6ye1o1i,2,L,449.59999990463257
s6ye1o1i,3,H,417.5500000715256
s6ye1o1i,3,L,407.84999990463257
s6ye1o1i,4,H,388.5
s6ye1o1i,4,L,416.19999980926514
s6ye1o1i,5,H,418.7999999523163
s6ye1o1i,5,L,410.39999985694885
s6ye1o1i,6,H,412.5
s6ye1o1i,6,L,424.39999997615814
sckw9xi2,1,H,446.0499999523163
sckw9xi2,1,L,470.3999996185303
sckw9xi2,2,H,427.4500000476837
sckw9xi2,2,L,443
sckw9xi2,3,H,430.7999997138977
sckw9xi2,3,L,441.5
sckw9xi2,4,H,431.59999990463257
sckw9xi2,4,L,422.40000009536743
sckw9xi2,5,H,412.7000000476837
sckw9xi2,5,L,410.19999980926514
sckw9xi2,6,H,415.5499999523163
sckw9xi2,6,L,438.19999980926514
si7hbkx8,1,H,438.5
si7hbkx8,1,L,428.89999985694885
si7hbkx8,2,H,451.7000000476837
si7hbkx8,2,L,472.59999990463257
si7hbkx8,3,H,477.7999999523163
si7hbkx8,3,L,489.5499999523163
si7hbkx8,4,H,420.2999999523163
si7hbkx8,4,L,442.2000000476837
si7hbkx8,5,H,449.2999999523163
si7hbkx8,5,L,440.9499999284744
si7hbkx8,6,H,427
si7hbkx8,6,L,453.2999999523163
sjmltdl9,1,H,342.1999999284744
sjmltdl9,1,L,335.35000002384186
sjmltdl9,2,H,344.0499999523163
sjmltdl9,2,L,346.19999998807907
sjmltdl9,3,H,347.10000002384186
sjmltdl9,3,L,350.2000000476837
sjmltdl9,4,H,327.75
sjmltdl9,4,L,348.60000002384186
sjmltdl9,5,H,346.5
sjmltdl9,5,L,347.89999997615814
sjmltdl9,6,H,329.6500000357628
sjmltdl9,6,L,358.60000002384186
sjp7cniy,1,H,334
sjp7cniy,1,L,342.5
sjp7cniy,2,H,324
sjp7cniy,2,L,325.5
sjp7cniy,3,H,331
sjp7cniy,3,L,333
sjp7cniy,4,H,332
sjp7cniy,4,L,337
sjp7cniy,5,H,332
sjp7cniy,5,L,328
sjp7cniy,6,H,333
sjp7cniy,6,L,342
sl71orxp,1,H,342.60000000009313
sl71orxp,1,L,336.70000000006985
sl71orxp,2,H,343.60000000009313
sl71orxp,2,L,343
sl71orxp,3,H,343.05000000004657
sl71orxp,3,L,342.5
sl71orxp,4,H,312.09999999962747
sl71orxp,4,L,314.70000000018626
sl71orxp,5,H,342.70000000018626
sl71orxp,5,L,350.6999999997206
sl71orxp,6,H,335.1000000005588
sl71orxp,6,L,339.8000000002794
sm7365pn,1,H,334
sm7365pn,1,L,349
sm7365pn,2,H,330.59999990463257
sm7365pn,2,L,327
sm7365pn,3,H,328.40000009536743
sm7365pn,3,L,336.5
sm7365pn,4,H,298
sm7365pn,4,L,311.90000009536743
sm7365pn,5,H,326.39999985694885
sm7365pn,5,L,314.14999997615814
sm7365pn,6,H,335.39999997615814
sm7365pn,6,L,327.30000019073486
t4wh6a8a,1,H,434.10000002384186
t4wh6a8a,1,L,447.60000002384186
t4wh6a8a,2,H,424.7999999523163
t4wh6a8a,2,L,447.2999999523163
t4wh6a8a,3,H,399.7999999523163
t4wh6a8a,3,L,409.80000001192093
t4wh6a8a,4,H,376.9000000357628
t4wh6a8a,4,L,388.40000009536743
t4wh6a8a,5,H,391.85000002384186
t4wh6a8a,5,L,394.60000002384186
t4wh6a8a,6,H,362.1999999284744
t4wh6a8a,6,L,376.1499999165535
tcvcarp3,1,H,336.59999999403954
tcvcarp3,1,L,327.05000001192093
tcvcarp3,2,H,331.7000000178814
tcvcarp3,2,L,334.79999999701977
tcvcarp3,3,H,323.80000001192093
tcvcarp3,3,L,326.25
tcvcarp3,4,H,296.40000000596046
tcvcarp3,4,L,301.09999999403954
tcvcarp3,5,H,311.20000000298023
tcvcarp3,5,L,305.2000000178814
tcvcarp3,6,H,288.09999999403954
tcvcarp3,6,L,298.5
td18pjfx,1,H,371.60000014305115
td18pjfx,1,L,370.3000000715256
td18pjfx,2,H,367.09999990463257
td18pjfx,2,L,382
td18pjfx,3,H,382.2000000476837
td18pjfx,3,L,383.19999980926514
td18pjfx,4,H,374.7000000476837
td18pjfx,4,L,375.60000014305115
td18pjfx,5,H,387.2999999523163
td18pjfx,5,L,391.14999997615814
td18pjfx,6,H,373
td18pjfx,6,L,377
teq2jd9p,1,H,403.89999985694885
teq2jd9p,1,L,427.7999999523163
teq2jd9p,2,H,408.2499998807907
teq2jd9p,2,L,442.2000000476837
teq2jd9p,3,H,393
teq2jd9p,3,L,424.7999999523163
teq2jd9p,4,H,361.39999997615814
teq2jd9p,4,L,377.10000002384186
teq2jd9p,5,H,386.89999997615814
teq2jd9p,5,L,400.9499999284744
teq2jd9p,6,H,377.7000000476837
teq2jd9p,6,L,394.65000009536743
tjix77rv,1,H,312.7000000011176
tjix77rv,1,L,329.90000000037253
tjix77rv,2,H,316.1499999994412
tjix77rv,2,L,325.69999999925494
tjix77rv,3,H,309.34999999962747
tjix77rv,3,L,339.65000000037253
tjix77rv,4,H,306.1499999994412
tjix77rv,4,L,321.75
tjix77rv,5,H,322.8999999985099
tjix77rv,5,L,325.69999999925494
tjix77rv,6,H,334.15000000037253
tjix77rv,6,L,349.30000000074506
tkc3bql3,1,H,319.3999999910593
tkc3bql3,1,L,315.70000000298023
tkc3bql3,2,H,322.84999999403954
tkc3bql3,2,L,329.3500000014901
tkc3bql3,3,H,315
tkc3bql3,3,L,321.5
tkc3bql3,4,H,296.20000000298023
tkc3bql3,4,L,308.2499999925494
tkc3bql3,5,H,309.40000000596046
tkc3bql3,5,L,300.8999999910593
tkc3bql3,6,H,290.3999999910593
tkc3bql3,6,L,317.09999999403954
tlv2ma31,1,H,406.0999999996274
tlv2ma31,1,L,400.80000000004657
tlv2ma31,2,H,391
tlv2ma31,2,L,402.8499999998603
tlv2ma31,3,H,402.10000000009313
tlv2ma31,3,L,395.95000000018626
tlv2ma31,4,H,357.00000000046566
tlv2ma31,4,L,372.79999999981374
tlv2ma31,5,H,365.70000000018626
tlv2ma31,5,L,353.20000000018626
tlv2ma31,6,H,360.04999999981374
tlv2ma31,6,L,366.85000000009313
tngsmbfb,1,H,372.5
tngsmbfb,1,L,366.70000000018626
tngsmbfb,2,H,371.20000000018626
tngsmbfb,2,L,378
tngsmbfb,3,H,372.30000000004657
tngsmbfb,3,L,374.39999999990687
tngsmbfb,4,H,368.6999999997206
tngsmbfb,4,L,370.64999999990687
tngsmbfb,5,H,363.75000000046566
tngsmbfb,5,L,359.5
tngsmbfb,6,H,354.59999999962747
tngsmbfb,6,L,366.79999999981374
twjbvnlp,1,H,349.19999980926514
twjbvnlp,1,L,357.90000009536743
twjbvnlp,2,H,350.1000003814697
twjbvnlp,2,L,339.09999990463257
twjbvnlp,3,H,330.80000019073486
twjbvnlp,3,L,344.40000009536743
twjbvnlp,4,H,317.2999999523163
twjbvnlp,4,L,317.69999980926514
twjbvnlp,5,H,326.19999980926514
twjbvnlp,5,L,330
twjbvnlp,6,H,326.5
twjbvnlp,6,L,332.90000009536743
txj3817a,1,H,373.10000002384186
txj3817a,1,L,364.3000000715256
txj3817a,2,H,363.89999997615814
txj3817a,2,L,379.90000009536743
txj3817a,3,H,363.4500000476837
txj3817a,3,L,349.59999990463257
txj3817a,4,H,350.5
txj3817a,4,L,359.39999997615814
txj3817a,5,H,366.3000000715256
txj3817a,5,L,356.80000001192093
txj3817a,6,H,343.35000002384186
txj3817a,6,L,339.5
u2woyp9g,1,H,424.30000019073486
u2woyp9g,1,L,404.35000014305115
u2woyp9g,2,H,399.35000014305115
u2woyp9g,2,L,372.7499997615814
u2woyp9g,3,H,360.7500002384186
u2woyp9g,3,L,387.30000019073486
u2woyp9g,4,H,313.40000009536743
u2woyp9g,4,L,319.7000000476837
u2woyp9g,5,H,372.80000019073486
u2woyp9g,5,L,369.69999980926514
u2woyp9g,6,H,347.30000019073486
u2woyp9g,6,L,383.09999990463257
u32swc61,1,H,331.35000002384186
u32swc61,1,L,321.2000000476837
u32swc61,2,H,332.69999998807907
u32swc61,2,L,338.2999999523163
u32swc61,3,H,325.5
u32swc61,3,L,319.55000001192093
u32swc61,4,H,330.85000002384186
u32swc61,4,L,336.0999999642372
u32swc61,5,H,322.0999999642372
u32swc61,5,L,314.10000002384186
u32swc61,6,H,310.60000002384186
u32swc61,6,L,312.89999997615814
u8ofwyp7,1,H,401.1500000357628
u8ofwyp7,1,L,381.7000000178814
u8ofwyp7,2,H,363.84999999403954
u8ofwyp7,2,L,389.25
u8ofwyp7,3,H,360.10000002384186
u8ofwyp7,3,L,379.4000000357628
u8ofwyp7,4,H,315.59999999403954
u8ofwyp7,4,L,325.60000002384186
u8ofwyp7,5,H,315.5
u8ofwyp7,5,L,325.80000001192093
u8ofwyp7,6,H,324.9999999701977
u8ofwyp7,6,L,336.59999999403954
u958vef7,1,H,340
u958vef7,1,L,355
u958vef7,2,H,341
u958vef7,2,L,354
u958vef7,3,H,340
u958vef7,3,L,340.5
u958vef7,4,H,313
u958vef7,4,L,321
u958vef7,5,H,331
u958vef7,5,L,322
u958vef7,6,H,318
u958vef7,6,L,338.5
ud3qt2ba,1,H,513.1499999761581
ud3qt2ba,1,L,485.14999997615814
ud3qt2ba,2,H,447.39999985694885
ud3qt2ba,2,L,446.90000009536743
ud3qt2ba,3,H,432.60000014305115
ud3qt2ba,3,L,441.4500000476837
ud3qt2ba,4,H,388.10000014305115
ud3qt2ba,4,L,393.9500000476837
ud3qt2ba,5,H,402.7000000476837
ud3qt2ba,5,L,381.60000014305115
ud3qt2ba,6,H,403.7000000476837
ud3qt2ba,6,L,409.0500000715256
un3gjc1s,1,H,327.79999999701977
un3gjc1s,1,L,336
un3gjc1s,2,H,306.54999999701977
un3gjc1s,2,L,323.04999999701977
un3gjc1s,3,H,313.3500000014901
un3gjc1s,3,L,333.79999999701977
un3gjc1s,4,H,300.79999999701977
un3gjc1s,4,L,308.7500000074506
un3gjc1s,5,H,328.3500000014901
un3gjc1s,5,L,340.59999999403954
un3gjc1s,6,H,314.5
un3gjc1s,6,L,334.20000000298023
usnnjdm9,1,H,358.69999999925494
usnnjdm9,1,L,355.8999999985099
usnnjdm9,2,H,366
usnnjdm9,2,L,363.2999999988824
usnnjdm9,3,H,364.4000000022352
usnnjdm9,3,L,368.5999999977648
usnnjdm9,4,H,325.8999999985099
usnnjdm9,4,L,338.69999999925494
usnnjdm9,5,H,354
usnnjdm9,5,L,340.0999999977648
usnnjdm9,6,H,359.80000000074506
usnnjdm9,6,L,351.6000000014901
ut85pm0q,1,H,378.89999997615814
ut85pm0q,1,L,376.5
ut85pm0q,2,H,383.90000009536743
ut85pm0q,2,L,383.5
ut85pm0q,3,H,390
ut85pm0q,3,L,391.30000019073486
ut85pm0q,4,H,375.2999999523163
ut85pm0q,4,L,371.65000009536743
ut85pm0q,5,H,360.10000002384186
ut85pm0q,5,L,350.75
ut85pm0q,6,H,356.35000002384186
ut85pm0q,6,L,358.19999980926514
uuurrbbj,1,H,386.2000000476837
uuurrbbj,1,L,383.7999999523163
uuurrbbj,2,H,412.64999997615814
uuurrbbj,2,L,425.0000001192093
uuurrbbj,3,H,420.5499999523163
uuurrbbj,3,L,416.19999980926514
uuurrbbj,4,H,359.5
uuurrbbj,4,L,359.2000000476837
uuurrbbj,5,H,375.7000000476837
uuurrbbj,5,L,366.7999999523163
uuurrbbj,6,H,370.90000009536743
uuurrbbj,6,L,378.59999990463257
uzghar5a,1,H,414.30000019073486
uzghar5a,1,L,420.15000009536743
uzghar5a,2,H,410.30000019073486
uzghar5a,2,L,421.5000001192093
uzghar5a,3,H,386.2999999523163
uzghar5a,3,L,402.7999999523163
uzghar5a,4,H,383.1999999284744
uzghar5a,4,L,387.5499999523163
uzghar5a,5,H,373.75
uzghar5a,5,L,401.7999999523163
uzghar5a,6,H,383.0500000715256
uzghar5a,6,L,400.59999990463257
v6fn4eru,1,H,465
v6fn4eru,1,L,473
v6fn4eru,2,H,423.5
v6fn4eru,2,L,419
v6fn4eru,3,H,416
v6fn4eru,3,L,416
v6fn4eru,4,H,425.5
v6fn4eru,4,L,414.5
v6fn4eru,5,H,448.5
v6fn4eru,5,L,449
v6fn4eru,6,H,459.5
v6fn4eru,6,L,449
v7zfve4a,1,H,409.0999999642372
v7zfve4a,1,L,410.199999988079
v7zfve4a,2,H,390.699999988079
v7zfve4a,2,L,416.59999999403954
v7zfve4a,3,H,390.85000002384186
v7zfve4a,3,L,401.25
v7zfve4a,4,H,381.5
v7zfve4a,4,L,394.300000011921
v7zfve4a,5,H,394.14999997615814
v7zfve4a,5,L,413.2999999821186
v7zfve4a,6,H,391.15000000596046
v7zfve4a,6,L,403.699999988079
vduxnyfy,1,H,389.89999997615814
vduxnyfy,1,L,398.05000001192093
vduxnyfy,2,H,402.2999999523163
vduxnyfy,2,L,387.75
vduxnyfy,3,H,345
vduxnyfy,3,L,347
vduxnyfy,4,H,328.2000000476837
vduxnyfy,4,L,339
vduxnyfy,5,H,353.19999998807907
vduxnyfy,5,L,343.10000002384186
vduxnyfy,6,H,340.14999997615814
vduxnyfy,6,L,347.44999998807907
vl6m2tlj,1,H,400.5
vl6m2tlj,1,L,404.00000005960464
vl6m2tlj,2,H,377.89999997615814
vl6m2tlj,2,L,350.69999998807907
vl6m2tlj,3,H,394.39999997615814
vl6m2tlj,3,L,430.9000000357628
vl6m2tlj,4,H,371.8499999642372
vl6m2tlj,4,L,364.6999999284744
vl6m2tlj,5,H,393.10000002384186
vl6m2tlj,5,L,391.44999998807907
vl6m2tlj,6,H,374.7000000476837
vl6m2tlj,6,L,388.5
vrydb0xr,1,H,427
vrydb0xr,1,L,423
vrydb0xr,2,H,393.89999997615814
vrydb0xr,2,L,390.7000000476837
vrydb0xr,3,H,393
vrydb0xr,3,L,389.9500000476837
vrydb0xr,4,H,381.85000002384186
vrydb0xr,4,L,400.6999999284744
vrydb0xr,5,H,384.2999999523163
vrydb0xr,5,L,368.05000001192093
vrydb0xr,6,H,373.10000002384186
vrydb0xr,6,L,370.00000005960464
vs7415pm,1,H,435.75
vs7415pm,1,L,444.80000000074506
vs7415pm,2,H,433
vs7415pm,2,L,464.79999999981374
vs7415pm,3,H,413.3999999994412
vs7415pm,3,L,430.25
vs7415pm,4,H,374.9000000003726
vs7415pm,4,L,381.44999999925494
vs7415pm,5,H,416.0999999996274
vs7415pm,5,L,385.20000000018626
vs7415pm,6,H,379.4000000003726
vs7415pm,6,L,377.2000000011176
vz5xf26j,1,H,320.60000002384186
vz5xf26j,1,L,342.19999998807907
vz5xf26j,2,H,334.69999998807907
vz5xf26j,2,L,343.35000002384186
vz5xf26j,3,H,331.60000002384186
vz5xf26j,3,L,340.69999998807907
vz5xf26j,4,H,318.7999999523163
vz5xf26j,4,L,326.0999999642372
vz5xf26j,5,H,335.25
vz5xf26j,5,L,325.60000002384186
vz5xf26j,6,H,326
vz5xf26j,6,L,349
w6fxd0ct,1,H,368.1499999985099
w6fxd0ct,1,L,375.6000000014901
w6fxd0ct,2,H,377.59999999403954
w6fxd0ct,2,L,372.20000000298023
w6fxd0ct,3,H,384.09999999403954
w6fxd0ct,3,L,391.6000000014901
w6fxd0ct,4,H,361.7499999925494
w6fxd0ct,4,L,368
w6fxd0ct,5,H,361.6000000089407
w6fxd0ct,5,L,362.09999999403954
w6fxd0ct,6,H,376.90000000596046
w6fxd0ct,6,L,362.800000011921
weakyj8i,1,H,376.89999997615814
weakyj8i,1,L,369.5
weakyj8i,2,H,367.04999999701977
weakyj8i,2,L,360.70000000298023
weakyj8i,3,H,360.90000000596046
weakyj8i,3,L,350.5
weakyj8i,4,H,330.59999999403954
weakyj8i,4,L,334.09999999403954
weakyj8i,5,H,335.90000000596046
weakyj8i,5,L,345.15000000596046
weakyj8i,6,H,343
weakyj8i,6,L,336.7000000178814
wl1d54gn,1,H,499.2000000178814
wl1d54gn,1,L,532.2999999821186
wl1d54gn,2,H,485.5
wl1d54gn,2,L,460.54999999701977
wl1d54gn,3,H,435.199999988079
wl1d54gn,3,L,479.8500000089407
wl1d54gn,4,H,449
wl1d54gn,4,L,444.09999999403954
wl1d54gn,5,H,471.04999999701977
wl1d54gn,5,L,472.84999999403954
wl1d54gn,6,H,447.09999999403954
wl1d54gn,6,L,448.6000000089407
x0p6rm1y,1,H,347.05000000447035
x0p6rm1y,1,L,358.59999999403954
x0p6rm1y,2,H,349.5
x0p6rm1y,2,L,341.5
x0p6rm1y,3,H,328.20000000298023
x0p6rm1y,3,L,353.09999999403954
x0p6rm1y,4,H,319.25
x0p6rm1y,4,L,317.79999999701977
x0p6rm1y,5,H,344.45000000298023
x0p6rm1y,5,L,349.54999999701977
x0p6rm1y,6,H,335.5
x0p6rm1y,6,L,321.5000000074506
x0xukvie,1,H,404
x0xukvie,1,L,401.5
x0xukvie,2,H,383.5
x0xukvie,2,L,371
x0xukvie,3,H,349.5
x0xukvie,3,L,365
x0xukvie,4,H,320
x0xukvie,4,L,323
x0xukvie,5,H,349.5
x0xukvie,5,L,344
x0xukvie,6,H,346
x0xukvie,6,L,340
x3yr520m,1,H,387
x3yr520m,1,L,383.7000000476837
x3yr520m,2,H,359.64999997615814
x3yr520m,2,L,388.60000002384186
x3yr520m,3,H,361.39999997615814
x3yr520m,3,L,363.3499999642372
x3yr520m,4,H,329.6499999165535
x3yr520m,4,L,332.85000002384186
x3yr520m,5,H,346.7999999523163
x3yr520m,5,L,332.2000000476837
x3yr520m,6,H,323.4500000476837
x3yr520m,6,L,346.5
x7813yq0,1,H,477.90000009536743
x7813yq0,1,L,477.3000000715256
x7813yq0,2,H,514
x7813yq0,2,L,487.35000014305115
x7813yq0,3,H,451.60000014305115
x7813yq0,3,L,473.7999999523163
x7813yq0,4,H,392.7000000476837
x7813yq0,4,L,406.1999999284744
x7813yq0,5,H,436.75
x7813yq0,5,L,423.84999990463257
x7813yq0,6,H,436.60000014305115
x7813yq0,6,L,441.5
xivwne6i,1,H,429.39999997615814
xivwne6i,1,L,462
xivwne6i,2,H,419.10000002384186
xivwne6i,2,L,400.64999997615814
xivwne6i,3,H,432.5
xivwne6i,3,L,404.90000009536743
xivwne6i,4,H,411.09999990463257
xivwne6i,4,L,422.10000014305115
xivwne6i,5,H,390.7000000476837
xivwne6i,5,L,402.60000002384186
xivwne6i,6,H,391.5
xivwne6i,6,L,377.90000009536743
xmklclsz,1,H,489.199999988079
xmklclsz,1,L,478.20000000298023
xmklclsz,2,H,508.7000000178814
xmklclsz,2,L,537.6000000089407
xmklclsz,3,H,464.1499999910593
xmklclsz,3,L,462.699999988079
xmklclsz,4,H,406.800000011921
xmklclsz,4,L,418.90000000596046
xmklclsz,5,H,439.10000002384186
xmklclsz,5,L,447
xmklclsz,6,H,428.5
xmklclsz,6,L,431
xroufr90,1,H,455.69999998807907
xroufr90,1,L,445.1500000357628
xroufr90,2,H,418.10000002384186
xroufr90,2,L,443.89999997615814
xroufr90,3,H,488.2000000476837
xroufr90,3,L,480.5999999642372
xroufr90,4,H,448.90000009536743
xroufr90,4,L,438.64999997615814
xroufr90,5,H,451.39999997615814
xroufr90,5,L,463.90000009536743
xroufr90,6,H,408.5
xroufr90,6,L,416.89999997615814
xuhuv8lc,1,H,332.40000000596046
xuhuv8lc,1,L,327
xuhuv8lc,2,H,341.40000000596046
xuhuv8lc,2,L,350.55000001192093
xuhuv8lc,3,H,345.5
xuhuv8lc,3,L,345.5
xuhuv8lc,4,H,311.90000000596046
xuhuv8lc,4,L,327.75
xuhuv8lc,5,H,324.30000001192093
xuhuv8lc,5,L,323.29999999701977
xuhuv8lc,6,H,307.59999999403954
xuhuv8lc,6,L,327.90000000596046
y0w9ndc3,1,H,330.7999999523163
y0w9ndc3,1,L,335.4500000476837
y0w9ndc3,2,H,342
y0w9ndc3,2,L,351.2999999523163
y0w9ndc3,3,H,352.59999990463257
y0w9ndc3,3,L,349.80000019073486
y0w9ndc3,4,H,317.2999999523163
y0w9ndc3,4,L,320.5
y0w9ndc3,5,H,348.7000000476837
y0w9ndc3,5,L,346.14999997615814
y0w9ndc3,6,H,338.15000009536743
y0w9ndc3,6,L,352.09999990463257
y4t0c0hk,1,H,467.5
y4t0c0hk,1,L,502.1999999284744
y4t0c0hk,2,H,437.8499999642372
y4t0c0hk,2,L,417.30000001192093
y4t0c0hk,3,H,377.64999997615814
y4t0c0hk,3,L,396.7000000476837
y4t0c0hk,4,H,363.89999997615814
y4t0c0hk,4,L,368.25
y4t0c0hk,5,H,367.89999997615814
y4t0c0hk,5,L,364.00000005960464
y4t0c0hk,6,H,342.60000002384186
y4t0c0hk,6,L,345.05000001192093
yc475tvl,1,H,475
yc475tvl,1,L,417.7000000476837
yc475tvl,2,H,424.10000014305115
yc475tvl,2,L,449.5
yc475tvl,3,H,416.2999999523163
yc475tvl,3,L,388.5500000715256
yc475tvl,4,H,344.2000000476837
yc475tvl,4,L,346.10000014305115
yc475tvl,5,H,395.5
yc475tvl,5,L,400.5
yc475tvl,6,H,389.9499999284744
yc475tvl,6,L,388.2999999523163
yozvkl9c,1,H,411
yozvkl9c,1,L,396
yozvkl9c,2,H,406.5
yozvkl9c,2,L,411
yozvkl9c,3,H,373
yozvkl9c,3,L,379
yozvkl9c,4,H,353
yozvkl9c,4,L,369
yozvkl9c,5,H,373
yozvkl9c,5,L,361
yozvkl9c,6,H,361
yozvkl9c,6,L,370
yq8ep1z3,1,H,384.7500000074506
yq8ep1z3,1,L,389.40000000596046
yq8ep1z3,2,H,395.45000000298023
yq8ep1z3,2,L,414
yq8ep1z3,3,H,391.30000000447035
yq8ep1z3,3,L,409.90000000596046
yq8ep1z3,4,H,357.90000000596046
yq8ep1z3,4,L,352.70000000298023
yq8ep1z3,5,H,383.40000000596046
yq8ep1z3,5,L,380.04999999701977
yq8ep1z3,6,H,366.59999999403954
yq8ep1z3,6,L,374.6000000089407
yrsr94ov,1,H,383.7999997138977
yrsr94ov,1,L,370.14999985694885
yrsr94ov,2,H,388.30000019073486
yrsr94ov,2,L,392.64999985694885
yrsr94ov,3,H,397.89999985694885
yrsr94ov,3,L,401.40000009536743
yrsr94ov,4,H,347.5
yrsr94ov,4,L,375.30000019073486
yrsr94ov,5,H,385
yrsr94ov,5,L,373.55000019073486
yrsr94ov,6,H,369.19999980926514
yrsr94ov,6,L,406
ywgayqt6,1,H,408.25
ywgayqt6,1,L,418.60000002384186
ywgayqt6,2,H,392.09999999403954
ywgayqt6,2,L,385.5999999791384
ywgayqt6,3,H,369.300000011921
ywgayqt6,3,L,377.300000011921
ywgayqt6,4,H,397.40000000596046
ywgayqt6,4,L,424
ywgayqt6,5,H,423.80000001192093
ywgayqt6,5,L,401.40000000596046
ywgayqt6,6,H,413.39999997615814
ywgayqt6,6,L,416.90000000596046
yyfbdu0b,1,H,400
yyfbdu0b,1,L,426.5
yyfbdu0b,2,H,410
yyfbdu0b,2,L,407
yyfbdu0b,3,H,390
yyfbdu0b,3,L,398.5
yyfbdu0b,4,H,346
yyfbdu0b,4,L,354
yyfbdu0b,5,H,454.5
yyfbdu0b,5,L,507
yyfbdu0b,6,H,370
yyfbdu0b,6,L,386
yz3rkgxg,1,H,434.40000000596046
yz3rkgxg,1,L,468.3999999910593
yz3rkgxg,2,H,497.800000011921
yz3rkgxg,2,L,497.79999999701977
yz3rkgxg,3,H,452.45000000298023
yz3rkgxg,3,L,443.1000000014901
yz3rkgxg,4,H,407.04999999701977
yz3rkgxg,4,L,406.75
yz3rkgxg,5,H,470.69999999552965
yz3rkgxg,5,L,447.05000000447035
yz3rkgxg,6,H,449.1499999985099
yz3rkgxg,6,L,471.40000000596046
z0qweezh,1,H,405.64999997615814
z0qweezh,1,L,412.60000014305115
z0qweezh,2,H,402.89999985694885
z0qweezh,2,L,409.35000002384186
z0qweezh,3,H,401.7499998807907
z0qweezh,3,L,396.40000009536743
z0qweezh,4,H,390.2500001192093
z0qweezh,4,L,384.90000009536743
z0qweezh,5,H,388.09999990463257
z0qweezh,5,L,388.0499999523163
z0qweezh,6,H,382.2999999523163
z0qweezh,6,L,416.39999997615814
z3zuaqyi,1,H,328
z3zuaqyi,1,L,334.40000000596046
z3zuaqyi,2,H,337.5
z3zuaqyi,2,L,347.7999999821186
z3zuaqyi,3,H,327.84999999403954
z3zuaqyi,3,L,343.75
z3zuaqyi,4,H,304.95000000298023
z3zuaqyi,4,L,299.7999999821186
z3zuaqyi,5,H,333
z3zuaqyi,5,L,337.29999999701977
z3zuaqyi,6,H,344.5
z3zuaqyi,6,L,348.30000001192093
z7bic0rf,1,H,333.5499999523163
z7bic0rf,1,L,342.7999999523163
z7bic0rf,2,H,336.09999990463257
z7bic0rf,2,L,341
z7bic0rf,3,H,336.65000009536743
z7bic0rf,3,L,353.85000002384186
z7bic0rf,4,H,292.69999980926514
z7bic0rf,4,L,313.89999997615814
z7bic0rf,5,H,320
z7bic0rf,5,L,307.2999999523163
z7bic0rf,6,H,319.5500000715256
z7bic0rf,6,L,338.2000000476837
za9gkd6c,1,H,373.8499999642372
za9gkd6c,1,L,368.05000001192093
za9gkd6c,2,H,366.0500000715256
za9gkd6c,2,L,382.2999999523163
za9gkd6c,3,H,366.10000002384186
za9gkd6c,3,L,375.60000002384186
za9gkd6c,4,H,319.9499999284744
za9gkd6c,4,L,331.2000000476837
za9gkd6c,5,H,353.90000009536743
za9gkd6c,5,L,335.39999997615814
za9gkd6c,6,H,372.89999997615814
za9gkd6c,6,L,382
zc2uy687,1,H,347.5
zc2uy687,1,L,351
zc2uy687,2,H,364.5
zc2uy687,2,L,366
zc2uy687,3,H,354.5
zc2uy687,3,L,357
zc2uy687,4,H,333.5
zc2uy687,4,L,334
zc2uy687,5,H,344
zc2uy687,5,L,335.5
zc2uy687,6,H,342
zc2uy687,6,L,341
ze5i9tkz,1,H,485.09999990463257
ze5i9tkz,1,L,500.90000009536743
ze5i9tkz,2,H,440.80000019073486
ze5i9tkz,2,L,419.7999999523163
ze5i9tkz,3,H,431.2999999523163
ze5i9tkz,3,L,413.75
ze5i9tkz,4,H,371.89999985694885
ze5i9tkz,4,L,397.2500001192093
ze5i9tkz,5,H,425.0500000715256
ze5i9tkz,5,L,404.69999980926514
ze5i9tkz,6,H,385
ze5i9tkz,6,L,395.7999999523163
zgi28emw,1,H,456.60000014305115
zgi28emw,1,L,468.85000002384186
zgi28emw,2,H,439.60000014305115
zgi28emw,2,L,442.3000000715256
zgi28emw,3,H,434.34999990463257
zgi28emw,3,L,426.85000002384186
zgi28emw,4,H,383.59999990463257
zgi28emw,4,L,376.10000002384186
zgi28emw,5,H,396.35000002384186
zgi28emw,5,L,400.39999997615814
zgi28emw,6,H,384.09999990463257
zgi28emw,6,L,416.10000002384186
zmlkdgl5,1,H,343
zmlkdgl5,1,L,338
zmlkdgl5,2,H,351
zmlkdgl5,2,L,356
zmlkdgl5,3,H,340
zmlkdgl5,3,L,348
zmlkdgl5,4,H,321
zmlkdgl5,4,L,334
zmlkdgl5,5,H,336
zmlkdgl5,5,L,336.5
zmlkdgl5,6,H,336
zmlkdgl5,6,L,355.5
zn7thjg0,1,H,345.7000000476837
zn7thjg0,1,L,343.75000005960464
zn7thjg0,2,H,349.60000002384186
zn7thjg0,2,L,366.0999999642372
zn7thjg0,3,H,352.5
zn7thjg0,3,L,360.6999999284744
zn7thjg0,4,H,318.7000000476837
zn7thjg0,4,L,325.5
zn7thjg0,5,H,319.2999999523163
zn7thjg0,5,L,324.2000000476837
zn7thjg0,6,H,336.69999998807907
zn7thjg0,6,L,340.1999999284744
zqa7txui,1,H,387.3499999977648
zqa7txui,1,L,396.90000000596046
zqa7txui,2,H,387.4000000022352
zqa7txui,2,L,386.55000000074506
zqa7txui,3,H,373.6499999985099
zqa7txui,3,L,385.5
zqa7txui,4,H,376.94999999925494
zqa7txui,4,L,384.05000000074506
zqa7txui,5,H,381.1000000014901
zqa7txui,5,L,378.05000000074506
zqa7txui,6,H,386.3500000014901
zqa7txui,6,L,385
zrfresc1,1,H,390.5
zrfresc1,1,L,421.0499999523163
zrfresc1,2,H,383.2000000476837
zrfresc1,2,L,367.7000000476837
zrfresc1,3,H,379.0500000715256
zrfresc1,3,L,375
zrfresc1,4,H,359.89999997615814
zrfresc1,4,L,368.10000014305115
zrfresc1,5,H,392.7999999523163
zrfresc1,5,L,375.10000002384186
zrfresc1,6,H,380.7999999523163
zrfresc1,6,L,389.89999997615814
zrn2grix,1,H,389.59999990463257
zrn2grix,1,L,384.5
zrn2grix,2,H,396.55000001192093
zrn2grix,2,L,410.75
zrn2grix,3,H,397
zrn2grix,3,L,400.3000000715256
zrn2grix,4,H,351.94999998807907
zrn2grix,4,L,352.60000002384186
zrn2grix,5,H,362.3000000715256
zrn2grix,5,L,372
zrn2grix,6,H,369.7999999523163
zrn2grix,6,L,362.7000000476837
zshuyb8c,1,H,367.39999997615814
zshuyb8c,1,L,370.84999990463257
zshuyb8c,2,H,356.3000000715256
zshuyb8c,2,L,369.15000009536743
zshuyb8c,3,H,351.39999985694885
zshuyb8c,3,L,358.65000009536743
zshuyb8c,4,H,328.5
zshuyb8c,4,L,328.59999990463257
zshuyb8c,5,H,345.450000166893
zshuyb8c,5,L,340.75
zshuyb8c,6,H,334.4500000476837
zshuyb8c,6,L,333.15000009536743
zxd44db3,1,H,337.1999999284744
zxd44db3,1,L,338.59999990463257
zxd44db3,2,H,333.5
zxd44db3,2,L,339.2000000476837
zxd44db3,3,H,322.9499999284744
zxd44db3,3,L,337
zxd44db3,4,H,279.10000014305115
zxd44db3,4,L,278.34999990463257
zxd44db3,5,H,315.7000000476837
zxd44db3,5,L,323.5499999523163
zxd44db3,6,H,348.7999999523163
zxd44db3,6,L,350.59999990463257
zy448n7y,1,H,503.6499999985099
zy448n7y,1,L,461
zy448n7y,2,H,477.8999999985099
zy448n7y,2,L,497.05000000074506
zy448n7y,3,H,415.2999999988824
zy448n7y,3,L,426.9000000022352
zy448n7y,4,H,403.19999999925494
zy448n7y,4,L,438.5
zy448n7y,5,H,455.19999999925494
zy448n7y,5,L,410.4000000022352
zy448n7y,6,H,435.1000000014901
zy448n7y,6,L,431.0999999977648
