id,bin,ls_binwise_acc
02012588,1,0.03324047583195289
02012588,2,0.05225988700564976
02012588,3,0.08938746438746448
02012588,4,0.12271086171647316
02012588,5,-0.03224206349206349
02012588,6,0.060107095046854186
02hhn3yb,1,0.02467765348817319
02hhn3yb,2,0.053006329113924
02hhn3yb,3,0.03966918979534617
02hhn3yb,4,0.057262905162065
02hhn3yb,5,0.0022608828939303383
02hhn3yb,6,0.024484971293481705
09u7vlj7,1,0.020414673046251997
09u7vlj7,2,0.03027272727272734
09u7vlj7,3,-0.012455801992928284
09u7vlj7,4,0.0569721450812084
09u7vlj7,5,-0.018013145852400325
09u7vlj7,6,-0.0049815897769114326
0jutvml5,1,-0.014796054385497137
0jutvml5,2,0.0811339198435973
0jutvml5,3,0.04121510673234818
0jutvml5,4,-0.021862348178137703
0jutvml5,5,-0.017249937949863403
0jutvml5,6,0.1348085917200762
0ldaeete,1,0.06506410256410267
0ldaeete,2,0.010060862004719895
0ldaeete,3,0.0066819061016352155
0ldaeete,4,0.02527758091188259
0ldaeete,5,0.03278229195853166
0ldaeete,6,0.05952380952380942
0qlz7yxg,1,0.0023809523809524835
0qlz7yxg,2,-0.02523298751538605
0qlz7yxg,3,-0.015419501133786762
0qlz7yxg,4,0.024038461538461564
0qlz7yxg,5,0.08193202146690504
0qlz7yxg,6,0.03478554542384327
0v04fxma,1,-4.5351473922894403e-4
0v04fxma,2,0.04571197411003225
0v04fxma,3,0.06072786998616886
0v04fxma,4,-0.015611021649668988
0v04fxma,5,0.10249999999999992
0v04fxma,6,0.0845588235294118
10gr6k2l,1,-0.002604565650375368
10gr6k2l,2,0.02400990099009903
10gr6k2l,3,0.020171726716240013
10gr6k2l,4,0.041209406494960854
10gr6k2l,5,0.018918336565395433
10gr6k2l,6,0.029905913978494514
11qq9hxf,1,0.11066666666666658
11qq9hxf,2,0.004166666666666652
11qq9hxf,3,-0.00766731643924623
11qq9hxf,4,0.06022408963585424
11qq9hxf,5,-0.03838271710357788
11qq9hxf,6,0.04883879781420741
14g6hv8k,1,0.04858713719473229
14g6hv8k,2,-0.026912757134726406
14g6hv8k,3,0.022081478945566557
14g6hv8k,4,0.05739210284664842
14g6hv8k,5,0.02040722946694118
14g6hv8k,6,0.049921935987509825
16j46xy8,1,-0.04453441295546556
16j46xy8,2,-0.039418630257652576
16j46xy8,3,0.04881154499151119
16j46xy8,4,-0.024425859551307716
16j46xy8,5,-8.944943870476951e-4
16j46xy8,6,-0.009557798014603325
1dyyaw4b,1,0.028958944281525012
1dyyaw4b,2,-0.010950934679385682
1dyyaw4b,3,0.07235026781366649
1dyyaw4b,4,0.04190871369294602
1dyyaw4b,5,0.022952779438135007
1dyyaw4b,6,0.017228648781688394
1lb7tbr7,1,0.08963585434173671
1lb7tbr7,2,0.06641414141414148
1lb7tbr7,3,0.09199614271938295
1lb7tbr7,4,0.02564778216952135
1lb7tbr7,5,0.04590964590964586
1lb7tbr7,6,0.04438805225060316
1xqec919,1,0.018448275862068986
1xqec919,2,-6.504065040650042e-4
1xqec919,3,0.08416666666666672
1xqec919,4,0.03673469387755102
1xqec919,5,0.03632925651754093
1xqec919,6,0.008470484968180925
21xapnnh,1,0.017783505154639223
21xapnnh,2,-4.2800890258543056e-5
21xapnnh,3,0.06818181818181812
21xapnnh,4,0.05902061855670104
21xapnnh,5,0.009482580911152394
21xapnnh,6,0.037791792168674676
23h7rpbu,1,0.08131119625372496
23h7rpbu,2,0.06981740064446829
23h7rpbu,3,-0.006523921043827374
23h7rpbu,4,0.08726263076999363
23h7rpbu,5,0.054699420201403726
23h7rpbu,6,-0.0019091256204658569
23rjqvom,1,-0.044759021356681195
23rjqvom,2,0.008758503401360196
23rjqvom,3,0.06817699715752401
23rjqvom,4,0.09329032258064529
23rjqvom,5,0.006837606837606813
23rjqvom,6,0.025799104688604246
29ehzpe0,1,0.01653129479216431
29ehzpe0,2,-0.007509774319668816
29ehzpe0,3,0.04126315789473689
29ehzpe0,4,0.03071258392895826
29ehzpe0,5,-0.04044574497935627
29ehzpe0,6,0.08859859592997432
29zpbmmy,1,0.019927840241651285
29zpbmmy,2,0.07338086749851447
29zpbmmy,3,0.049122407111921396
29zpbmmy,4,0.04562647754137117
29zpbmmy,5,0.10082501085540585
29zpbmmy,6,0.07849788962960036
2davx7nt,1,-0.03378172478342256
2davx7nt,2,0.014246068455134209
2davx7nt,3,-0.01609620721554128
2davx7nt,4,-0.025490196078431393
2davx7nt,5,0.021035108958837756
2davx7nt,6,0.04612800413472318
2n6v1k3u,1,-0.04909488575550269
2n6v1k3u,2,0.03389909323413154
2n6v1k3u,3,2.545500827287883e-4
2n6v1k3u,4,0.0393290919606708
2n6v1k3u,5,-0.0020014644862095254
2n6v1k3u,6,0.018385169296767367
2v42ipxy,1,0.02771213748657375
2v42ipxy,2,0.07469006460625116
2v42ipxy,3,0.050846719777110305
2v42ipxy,4,0.05371900826446285
2v42ipxy,5,-0.013464306884579669
2v42ipxy,6,0.04541453969371578
2wl27dkz,1,-0.020117575202320825
2wl27dkz,2,0.05788764044943817
2wl27dkz,3,-0.012472357363998432
2wl27dkz,4,0.00721311475409836
2wl27dkz,5,-0.0033941116110189906
2wl27dkz,6,0.030381739472648328
2xn0szh6,1,-0.004559748427672816
2xn0szh6,2,-0.06606642657062833
2xn0szh6,3,0.07755662319835299
2xn0szh6,4,-0.04152159896840746
2xn0szh6,5,0.02065527065527073
2xn0szh6,6,0.006882591093117396
2z10bv6a,1,-0.0028919546769070603
2z10bv6a,2,0.093609958506224
2z10bv6a,3,0.04106750126882075
2z10bv6a,4,0.07014767932489452
2z10bv6a,5,1.6592002654725047e-4
2z10bv6a,6,0.15306122448979576
2zbxslpn,1,-0.04886363636363711
2zbxslpn,2,0.08658008658008676
2zbxslpn,3,0.028680862705758647
2zbxslpn,4,0.0032962345367821833
2zbxslpn,5,0.030081479850253112
2zbxslpn,6,0.06992606935398682
30a1bp8j,1,0.015018315018314965
30a1bp8j,2,-0.024653067716410182
30a1bp8j,3,0.00880691259554689
30a1bp8j,4,-0.0031200499207987287
30a1bp8j,5,-0.08768597657486532
30a1bp8j,6,0.01800411522633749
321yl4lz,1,0.06954838709677424
321yl4lz,2,0.04932305950981675
321yl4lz,3,0.04270388064705388
321yl4lz,4,0.029931972789115635
321yl4lz,5,-0.05134594329293618
321yl4lz,6,0.07162393162393155
36eh4u39,1,0.025654269972451904
36eh4u39,2,0.031660054928288384
36eh4u39,3,-0.01484580052493456
36eh4u39,4,0.009313725490196156
36eh4u39,5,0.009371307501120585
36eh4u39,6,-0.012255319148936183
38k6v81o,1,-0.02546296296296302
38k6v81o,2,-0.019170427681066027
38k6v81o,3,0.037015615962984416
38k6v81o,4,-0.0043227083585828385
38k6v81o,5,-0.014096324886725964
38k6v81o,6,0.07162881973647328
3942ithx,1,0.09583608724388637
3942ithx,2,0.07624113475177308
3942ithx,3,-0.04180573384681219
3942ithx,4,0.03764172335600913
3942ithx,5,0.04310495118549529
3942ithx,6,0.058079516391536856
3c48ijq4,1,0.00249655647382907
3c48ijq4,2,-2.718376223268537e-4
3c48ijq4,3,0.09389841423166712
3c48ijq4,4,0.026502057613168706
3c48ijq4,5,-0.01806593406593404
3c48ijq4,6,0.008919950342544558
3o6c5jme,1,0.024888492417484254
3o6c5jme,2,0.013043478260869601
3o6c5jme,3,0.03915662650602403
3o6c5jme,4,-0.022527682321496822
3o6c5jme,5,0.03057708871662357
3o6c5jme,6,0.03642439431913125
3z7js7ze,1,0.05156797402375457
3z7js7ze,2,0.02665168539325835
3z7js7ze,3,-0.0075911942147108835
3z7js7ze,4,-0.0018293895406641392
3z7js7ze,5,0.06491990662480873
3z7js7ze,6,0.025757575757575868
4c4vv6fg,1,0.014553191489361628
4c4vv6fg,2,0.03843519945214857
4c4vv6fg,3,0.01379310344827589
4c4vv6fg,4,0.04066948826471717
4c4vv6fg,5,-0.029503570359601494
4c4vv6fg,6,0.0138808559861191
4iu45lp8,1,-0.05827899863157027
4iu45lp8,2,-0.018192771084337256
4iu45lp8,3,0.01551882460973375
4iu45lp8,4,0.03244460139489702
4iu45lp8,5,0.0035552682611504904
4iu45lp8,6,0.01241939336040121
4j2ynmmd,1,0.02975903614457842
4j2ynmmd,2,0.001427639092837385
4j2ynmmd,3,0.05521398432790836
4j2ynmmd,4,0.033089430894308935
4j2ynmmd,5,0.026708936001585193
4j2ynmmd,6,0.09310949024082138
4lce564k,1,-0.012145748987854255
4lce564k,2,0.013814756671899575
4lce564k,3,0.03968253968253965
4lce564k,4,0.0255763375380601
4lce564k,5,0.024511271762843734
4lce564k,6,-0.014813977157073444
4oenuj4z,1,0.0586419753086419
4oenuj4z,2,0.06193078324225876
4oenuj4z,3,0.032163742690058617
4oenuj4z,4,0.011636995223621383
4oenuj4z,5,0.016666666666666607
4oenuj4z,6,0.030532624674884046
4osyobtp,1,-0.02637962401455418
4osyobtp,2,-0.027501743375174525
4osyobtp,3,0.05384972170686464
4osyobtp,4,0.03324225865209485
4osyobtp,5,0.033333333333333326
4osyobtp,6,0.06235827664399085
4tjawqeo,1,0.060248447204968913
4tjawqeo,2,0.03696272516497234
4tjawqeo,3,0.016267800632911333
4tjawqeo,4,0.05350600664565042
4tjawqeo,5,0.024793388429751984
4tjawqeo,6,0.03389010989010999
4uzthrsp,1,0.05171152126189116
4uzthrsp,2,0.0496178475521587
4uzthrsp,3,0.05128676470588234
4uzthrsp,4,0.04827160493827176
4uzthrsp,5,-0.010800930541708276
4uzthrsp,6,0.0923324795505247
5aqq8r6w,1,-0.01374865735768005
5aqq8r6w,2,0.03971777390201359
5aqq8r6w,3,0.13163688711999322
5aqq8r6w,4,-0.0030218503021849363
5aqq8r6w,5,0.04487117160913956
5aqq8r6w,6,0.03770458678520905
5ckvwhwy,1,0.007535321821036112
5ckvwhwy,2,0.051301982122036405
5ckvwhwy,3,0.022989794774027072
5ckvwhwy,4,0.0064859952077995775
5ckvwhwy,5,0.11207329317269088
5ckvwhwy,6,-0.01691664617654287
5g9je77m,1,0.025654269972451793
5g9je77m,2,0.056419529837251514
5g9je77m,3,0.03400000000000014
5g9je77m,4,0.008288684343087271
5g9je77m,5,0.0033564555829044274
5g9je77m,6,0.02462650602409644
5l6mnknj,1,0.004940923737916325
5l6mnknj,2,0.017890109890109973
5l6mnknj,3,0.038922953878965716
5l6mnknj,4,-0.014605120807789529
5l6mnknj,5,0.05096418732782371
5l6mnknj,6,-0.0040700040700040185
5tqven48,1,0.06625019894954642
5tqven48,2,0.07515253524090049
5tqven48,3,0.09645909645909645
5tqven48,4,0.06182795698924748
5tqven48,5,0.026482131790952268
5tqven48,6,0.07538035961272471
5un6y0nb,1,0.035170336430359384
5un6y0nb,2,-0.007058027978530057
5un6y0nb,3,0.021886732167106016
5un6y0nb,4,0.023647405226352447
5un6y0nb,5,-0.03325111902804423
5un6y0nb,6,0.024377638039452143
5vluzm8n,1,-0.007803121248499578
5vluzm8n,2,-0.019489247311827995
5vluzm8n,3,0.006122448979591688
5vluzm8n,4,0.024863291238837126
5vluzm8n,5,-0.028709349593496025
5vluzm8n,6,-0.014893617021276673
62pu08b1,1,0.012950819672130964
62pu08b1,2,0.031702607016414586
62pu08b1,3,0.018412017167382055
62pu08b1,4,0.02751850659800459
62pu08b1,5,0.017857142857142905
62pu08b1,6,0.007661845730027483
63xil5ki,1,0.01881342701014832
63xil5ki,2,-0.013664596273292084
63xil5ki,3,0.022117647058823575
63xil5ki,4,0.009391049156272868
63xil5ki,5,-0.029190207156308934
63xil5ki,6,-0.0669652855543117
66jz8ugt,1,-0.033992285438765646
66jz8ugt,2,0.13463287849252759
66jz8ugt,3,0.07198998944198942
66jz8ugt,4,0.10154231582243789
66jz8ugt,5,-0.015684629901446923
66jz8ugt,6,0.0972995939949014
6f2ol425,1,0.011636995223621383
6f2ol425,2,0.02926937597157442
6f2ol425,3,0.02857905982905995
6f2ol425,4,0.02660469234174412
6f2ol425,5,0.07257762813318358
6f2ol425,6,0.08515388993476647
6gwztzbq,1,0.017209128320239575
6gwztzbq,2,0.11305883366353697
6gwztzbq,3,-0.03491461100569271
6gwztzbq,4,0.0364168618266979
6gwztzbq,5,0.06453978731206444
6gwztzbq,6,-0.04015399077845916
6jpt0age,1,0.015130558699023355
6jpt0age,2,0.03949477965041259
6jpt0age,3,0.03415499363289065
6jpt0age,4,0.056330659225671376
6jpt0age,5,0.003765690376568931
6jpt0age,6,0.21388429752066107
6ui53ym6,1,-0.030149191877331116
6ui53ym6,2,0.008602150537634468
6ui53ym6,3,0.01123744050766795
6ui53ym6,4,0.04074702886247872
6ui53ym6,5,-0.028302594092067923
6ui53ym6,6,0.027806473829200984
7cwp4v6n,1,0.0019334049409236442
7cwp4v6n,2,0.005861323578317257
7cwp4v6n,3,0.05060761112887746
7cwp4v6n,4,0.011349306431273631
7cwp4v6n,5,-0.04102564102564099
7cwp4v6n,6,-0.015746683782627335
7e2tmpa6,1,-0.044671201814058925
7e2tmpa6,2,-0.040987935166754697
7e2tmpa6,3,0.040157998683344465
7e2tmpa6,4,0.033245556287030964
7e2tmpa6,5,0.0238948626045401
7e2tmpa6,6,-0.040913755409806796
7etrw5nu,1,0.0669180775094278
7etrw5nu,2,-0.00960884353741498
7etrw5nu,3,0.01497113997114008
7etrw5nu,4,-0.01657142857142857
7etrw5nu,5,-0.01692693271640633
7etrw5nu,6,0.0252052617639269
7qw1xhrh,1,-0.013789581205311707
7qw1xhrh,2,0.04848093083387184
7qw1xhrh,3,0.06502057613168721
7qw1xhrh,4,0.04627272727272724
7qw1xhrh,5,0.006995724834823247
7qw1xhrh,6,0.041661422278162275
81bqimnf,1,0.013864666899197853
81bqimnf,2,0.041632851809771165
81bqimnf,3,0.009407376709490323
81bqimnf,4,0.05371900826446285
81bqimnf,5,0.03928170594837266
81bqimnf,6,-0.014520261934136913
81db02fc,1,0.06673213218341723
81db02fc,2,0.043815451491800106
81db02fc,3,0.10567595459236323
81db02fc,4,0.025946461058650172
81db02fc,5,0.005693581780538137
81db02fc,6,0.07594463150018704
8c1fhpt1,1,0.0023809523809523725
8c1fhpt1,2,-0.007083825265643551
8c1fhpt1,3,0.06929997805573851
8c1fhpt1,4,5.363847666726151e-4
8c1fhpt1,5,-0.0017252261729433505
8c1fhpt1,6,-0.003900091278732143
8cav5z8q,1,-0.02583690987124454
8cav5z8q,2,0.026424287856071982
8cav5z8q,3,0.023550724637681264
8cav5z8q,4,-0.008079719903043459
8cav5z8q,5,-0.054007930532550374
8cav5z8q,6,-0.036105476673427894
8vxgrgkb,1,0.015615962984384169
8vxgrgkb,2,0.019532612486920176
8vxgrgkb,3,-0.038334161284981016
8vxgrgkb,4,0.06662631154156573
8vxgrgkb,5,-0.014023359459044094
8vxgrgkb,6,0
8xlm91xr,1,-0.016982504170766077
8xlm91xr,2,-0.0030292230933712805
8xlm91xr,3,0.0020161290322581182
8xlm91xr,4,-0.01851430650957564
8xlm91xr,5,0.019592854843900942
8xlm91xr,6,-0.0035378903690762575
91e0xbu5,1,0.008333333333333304
91e0xbu5,2,0.06931396542196266
91e0xbu5,3,-0.02429149797570862
91e0xbu5,4,-0.006637806637806665
91e0xbu5,5,0.012048192771084376
91e0xbu5,6,0.051333390133765144
934tcrxh,1,-0.008385744234800874
934tcrxh,2,0.0055737414845615785
934tcrxh,3,-0.0016333548248441687
934tcrxh,4,0.08811959087332821
934tcrxh,5,-0.048979591836734726
934tcrxh,6,0.040464135021096914
95qq6nys,1,-0.054931787999517145
95qq6nys,2,-0.04319727891156444
95qq6nys,3,0.019809523809523832
95qq6nys,4,0.049598393574297184
95qq6nys,5,-0.021614100185528784
95qq6nys,6,0.05168621700879794
98n9czmc,1,0.023143055046245364
98n9czmc,2,0.04929339087754914
98n9czmc,3,0.032756792037203164
98n9czmc,4,0.05319148936170215
98n9czmc,5,0.011904761904761973
98n9czmc,6,-0.018297286494648457
99rxav54,1,-0.0034183296378420547
99rxav54,2,0.0866332497911445
99rxav54,3,-0.014069264069264231
99rxav54,4,0.03528721628085374
99rxav54,5,-0.02998500749625177
99rxav54,6,0.05704467353951881
9d4b8u7f,1,0.011957944136095078
9d4b8u7f,2,0.06035313001605125
9d4b8u7f,3,0.05822452991883853
9d4b8u7f,4,0.07174928160919536
9d4b8u7f,5,0.019668049792531117
9d4b8u7f,6,-0.01944764096662832
9dptpzrf,1,0.06070460704606995
9dptpzrf,2,0.006980068959717478
9dptpzrf,3,0.15397489539748954
9dptpzrf,4,0.03128305264014308
9dptpzrf,5,0.017408626364108892
9dptpzrf,6,0.09346567411083495
9e1r9mu0,1,0.12688381137578997
9e1r9mu0,2,0.0013401232913428096
9e1r9mu0,3,0.11210317460317443
9e1r9mu0,4,0.09235294117647053
9e1r9mu0,5,0.06904761904761925
9e1r9mu0,6,0.021918792669780807
9e9jgfep,1,-0.013195020746887942
9e9jgfep,2,0.038897610326181664
9e9jgfep,3,0.08919890086662441
9e9jgfep,4,0.032017543859649056
9e9jgfep,5,-0.020948689553340727
9e9jgfep,6,0.05958848440775122
9eprutwa,1,-0.011937557392102671
9eprutwa,2,0.051566997121841984
9eprutwa,3,0.11908263627171622
9eprutwa,4,0.004161664665866205
9eprutwa,5,0.03093971631205661
9eprutwa,6,0.04002682425918935
9eybg7ux,1,0.0534146341463414
9eybg7ux,2,0.011222758710687675
9eybg7ux,3,0.042058562555457035
9eybg7ux,4,0.036015896671634406
9eybg7ux,5,1.870557426112418e-4
9eybg7ux,6,0.08587928464977634
9owrldau,1,-0.018739855393241855
9owrldau,2,0.04512987012987013
9owrldau,3,0.06257348618459735
9owrldau,4,0.04636196480168109
9owrldau,5,0.03693877551020419
9owrldau,6,0.0529636541366747
9qygdnaf,1,-0.008333333333333304
9qygdnaf,2,0.04383174266525258
9qygdnaf,3,0.005536849981294445
9qygdnaf,4,0.039271255060728594
9qygdnaf,5,0.10079855946136385
9qygdnaf,6,-0.0030515463917524244
9s5fp6s6,1,-0.012198628167741421
9s5fp6s6,2,0.05277777777777792
9s5fp6s6,3,0.04197520592395376
9s5fp6s6,4,0.02788442109517064
9s5fp6s6,5,0.0267748124890983
9s5fp6s6,6,0.05026061057334341
9ypnxdh1,1,0.026758893280632523
9ypnxdh1,2,0.038971906754333596
9ypnxdh1,3,0.051821862348178205
9ypnxdh1,4,0.06884210526315793
9ypnxdh1,5,0.001313067006207258
9ypnxdh1,6,0.04802429182148704
a2lhxhxk,1,0.031932773109243806
a2lhxhxk,2,0.13181321911480637
a2lhxhxk,3,0.07079569892473125
a2lhxhxk,4,0.09992163009404398
a2lhxhxk,5,-0.002661401098901117
a2lhxhxk,6,0.021595528455284674
a9n5v3d1,1,0.015931222751904617
a9n5v3d1,2,0.03717948717948716
a9n5v3d1,3,0.09951365506921073
a9n5v3d1,4,0.0749389084985067
a9n5v3d1,5,-0.0019762845849802257
a9n5v3d1,6,-0.04098256331933314
acyrm6vi,1,0.007070707070707116
acyrm6vi,2,0.06438577586206895
acyrm6vi,3,0.003981264637002324
acyrm6vi,4,-0.030407224822900702
acyrm6vi,5,0.05712451861360712
acyrm6vi,6,0.007254361799816311
adx0ufr2,1,-0.05854341736694679
adx0ufr2,2,-0.03591470258136931
adx0ufr2,3,-0.0014285714285714457
adx0ufr2,4,0.03567984570877525
adx0ufr2,5,-0.0391771166297844
adx0ufr2,6,-0.08920387432081278
ahrykldn,1,0.13658775111038668
ahrykldn,2,0.01212431693989069
ahrykldn,3,0.013815789473684115
ahrykldn,4,0.12850033738191635
ahrykldn,5,0.02576361221779544
ahrykldn,6,0.03964388374321304
ajw8rmzy,1,0.004411001556824057
ajw8rmzy,2,4.087471898630568e-4
ajw8rmzy,3,0.030316035895434967
ajw8rmzy,4,0.010714285714285787
ajw8rmzy,5,0.07121820615796526
ajw8rmzy,6,0.01608418531034772
au3z690l,1,0.005937921727395379
au3z690l,2,5.253586583149339e-4
au3z690l,3,0.023193814982671368
au3z690l,4,-0.031410649436400484
au3z690l,5,0.04906808672499052
au3z690l,6,0.09762059973924386
awz14fq9,1,-0.004370629370629486
awz14fq9,2,0.06725806451612892
awz14fq9,3,0.08296296296296302
awz14fq9,4,-0.0072771376591873604
awz14fq9,5,7.244626901714568e-4
awz14fq9,6,0.013071895424836555
bd6v7ia1,1,-0.05775877751500824
bd6v7ia1,2,0.017771643014277694
bd6v7ia1,3,0.08796296296296302
bd6v7ia1,4,0.007038712921065837
bd6v7ia1,5,-0.024097864331887875
bd6v7ia1,6,0.027844588344125842
bh4nuak1,1,0.03710825628017356
bh4nuak1,2,0.013741562198650081
bh4nuak1,3,0.07482089672381875
bh4nuak1,4,0.025987912598791185
bh4nuak1,5,0.03024211560796919
bh4nuak1,6,0.021910264862139872
bla7r2es,1,0.047056063804832404
bla7r2es,2,0.0032388663967610754
bla7r2es,3,0.008109416606148723
bla7r2es,4,0.003968253968254065
bla7r2es,5,-0.033836677075758215
bla7r2es,6,-0.027015724322515977
bx2hkvzu,1,-0.03301096067053522
bx2hkvzu,2,-0.038988587671290986
bx2hkvzu,3,0.012954284198425925
bx2hkvzu,4,-0.008039419087137012
bx2hkvzu,5,0.046222222222222276
bx2hkvzu,6,0.026561915450804552
byga4vql,1,0.024618616972686636
byga4vql,2,-0.019597774925117828
byga4vql,3,0.057328605200945626
byga4vql,4,0.06356275303643721
byga4vql,5,-0.010171519744714863
byga4vql,6,0.053707130763475885
c8cu3c3m,1,0.013297986060632039
c8cu3c3m,2,0.04785700557370742
c8cu3c3m,3,-0.003696236559139865
c8cu3c3m,4,0.049887640449438164
c8cu3c3m,5,0.003840544482255681
c8cu3c3m,6,0.04640813731722815
cjz75i22,1,0.03142857142857147
cjz75i22,2,0.05794954663793861
cjz75i22,3,0.02186213991769559
cjz75i22,4,0.02714932126696845
cjz75i22,5,-0.033124334555779233
cjz75i22,6,0.048645759087669216
cqohls3i,1,-0.015789473684210464
cqohls3i,2,0.1568901506879231
cqohls3i,3,0.08247779943686373
cqohls3i,4,0.026720744363592952
cqohls3i,5,0.0034863945578231803
cqohls3i,6,0.03787234042553189
cw1o9bs1,1,-0.06181190520619506
cw1o9bs1,2,-0.0013788031988234417
cw1o9bs1,3,0.13824719101123606
cw1o9bs1,4,0.09892807462564435
cw1o9bs1,5,-0.04230769230769227
cw1o9bs1,6,0.039064638485902914
d0ik7z9x,1,0.014929282346778483
d0ik7z9x,2,0.040029928918817737
d0ik7z9x,3,0.023831208257437675
d0ik7z9x,4,-0.012152222577550442
d0ik7z9x,5,0.02640067911714783
d0ik7z9x,6,0.009943553512018255
d2m1zo7g,1,0.013695395513577457
d2m1zo7g,2,0.04396910279263211
d2m1zo7g,3,-0.016978922716627487
d2m1zo7g,4,0.07321428571428568
d2m1zo7g,5,0.01338410061151507
d2m1zo7g,6,0.0066826730692280956
d3omyepd,1,0.06503225806451618
d3omyepd,2,0.03345543345543334
d3omyepd,3,0.09110169491525422
d3omyepd,4,0.024167067991769042
d3omyepd,5,-0.06188281764318637
d3omyepd,6,0.08534798534798527
d6it3y3p,1,0.04216796181610227
d6it3y3p,2,0.030277684844429498
d6it3y3p,3,-0.009041591320072317
d6it3y3p,4,-0.0267379679144385
d6it3y3p,5,0.010167251283615508
d6it3y3p,6,0.04118437594832436
decnc028,1,0.023210580912862988
decnc028,2,0.037634408602150615
decnc028,3,0.08272219312030737
decnc028,4,0.022113821138211365
decnc028,5,0.008022322985699382
decnc028,6,0.018670076726342577
diqhmi3m,1,0.05878432418021862
diqhmi3m,2,0.05158568123043428
diqhmi3m,3,0.0732010439537677
diqhmi3m,4,0.04873971193415638
diqhmi3m,5,4.0180006428802706e-4
diqhmi3m,6,0.0923439134984303
dkzozr6c,1,0.002358926919519
dkzozr6c,2,-0.00992611056707915
dkzozr6c,3,0.058763931104356626
dkzozr6c,4,0.046428571428571486
dkzozr6c,5,0.05528111032698191
dkzozr6c,6,0.058150456835453834
dmsi5tdj,1,0.01676660004441477
dmsi5tdj,2,0.0167138480629776
dmsi5tdj,3,0.03949768783674856
dmsi5tdj,4,0.04825930372148857
dmsi5tdj,5,-0.014480480989076394
dmsi5tdj,6,0.03651485148514855
dnoe2hz9,1,-0.02344706911636052
dnoe2hz9,2,-0.04114265181458854
dnoe2hz9,3,0.03941966784847928
dnoe2hz9,4,-0.0360566604664474
dnoe2hz9,5,-0.014389584681563816
dnoe2hz9,6,-0.002434385697983932
dq82faf2,1,-0.03404255319148941
dq82faf2,2,-0.04052684903748727
dq82faf2,3,-0.02175514794276201
dq82faf2,4,0.0034848724853475677
dq82faf2,5,-0.002758077226162392
dq82faf2,6,-0.016530727962664082
dr4gkvot,1,0.03637611530542206
dr4gkvot,2,0.04281188118811885
dr4gkvot,3,-0.017826617826617874
dr4gkvot,4,0.0351560789807801
dr4gkvot,5,0.03484706483769273
dr4gkvot,6,0.08477237048665609
ds5uz2d5,1,0.018458055809498886
ds5uz2d5,2,0.03184579928765974
ds5uz2d5,3,0.027433240916387103
ds5uz2d5,4,0.09762125424776025
ds5uz2d5,5,-6.72043010752521e-4
ds5uz2d5,6,0.010762448132780156
dyyp50j9,1,0.0024434156378601024
dyyp50j9,2,-0.03243736518997842
dyyp50j9,3,-0.024997811049820462
dyyp50j9,4,0.008337534416566483
dyyp50j9,5,0.02117768595041325
dyyp50j9,6,-0.02955760816723385
e9v1bzuc,1,-0.03306314970005064
e9v1bzuc,2,0.017105633142750265
e9v1bzuc,3,-0.009768009768009844
e9v1bzuc,4,-0.016122448979591697
e9v1bzuc,5,0.032308904649330006
e9v1bzuc,6,0.012482662968099856
eegst1da,1,0.09375824175824177
eegst1da,2,0.014299250581445322
eegst1da,3,-0.01506416999789617
eegst1da,4,-0.009092346616065727
eegst1da,5,-0.03469022017409107
eegst1da,6,0.06847697756788673
efi3fjue,1,0.03554778554778559
efi3fjue,2,0.026038233355306528
efi3fjue,3,0.057782466010314115
efi3fjue,4,0.04204081632653045
efi3fjue,5,-0.021121351766512975
efi3fjue,6,-0.0034516285853182227
ej4up0rn,1,0.04380341880341887
ej4up0rn,2,0.04309961787967642
ej4up0rn,3,0.05075973999089123
ej4up0rn,4,0.023623255100475582
ej4up0rn,5,0.0018007202881152873
ej4up0rn,6,0.0173301304049418
ejv5piey,1,-0.015320109659732295
ejv5piey,2,0.012375162831089859
ejv5piey,3,0.07452135493372603
ejv5piey,4,0.05872163519833706
ejv5piey,5,-0.025616178639140452
ejv5piey,6,0.005411118156837924
ektwqxeh,1,-0.012640449438202195
ektwqxeh,2,0.033113402061855646
ektwqxeh,3,0.11774891774891794
ektwqxeh,4,-0.01607818411097095
ektwqxeh,5,0.040739343643907966
ektwqxeh,6,0.07833970241483057
em7v17uu,1,0.027668502491476676
em7v17uu,2,0.009239026260302818
em7v17uu,3,0.07232989690721658
em7v17uu,4,0.04835955056179797
em7v17uu,5,0.017401021711366593
em7v17uu,6,0.07393608213280356
enhoisyi,1,0.017381553125876192
enhoisyi,2,-0.0495867768595043
enhoisyi,3,0.07902260341284717
enhoisyi,4,0.05143914473684208
enhoisyi,5,0.017185473411154284
enhoisyi,6,0.05819243308817956
eogyi8j4,1,-0.008403361344537785
eogyi8j4,2,0.013242064947235455
eogyi8j4,3,0.05034782608695654
eogyi8j4,4,0.039215686274509776
eogyi8j4,5,-0.0012820512820513885
eogyi8j4,6,0.07099848386398089
f3jt6ahq,1,0.026287553648068673
f3jt6ahq,2,0.03949865395648533
f3jt6ahq,3,0.025397489539748963
f3jt6ahq,4,0.02789115646258511
f3jt6ahq,5,0.014440018385169173
f3jt6ahq,6,0.025980392156862875
f6k7yhh9,1,0.051204819277108515
f6k7yhh9,2,0.030580762250453697
f6k7yhh9,3,0.029987022617723458
f6k7yhh9,4,0.11758118701007847
f6k7yhh9,5,0.004449388209121219
f6k7yhh9,6,0.015847091021453208
fdlbs3x7,1,0.011774193548387157
fdlbs3x7,2,0.020499181669394462
fdlbs3x7,3,0.01511416447767222
fdlbs3x7,4,0.016622778143515538
fdlbs3x7,5,0.035680228862047136
fdlbs3x7,6,0.010079681274900443
fhwg4lyo,1,-0.02332966381573376
fhwg4lyo,2,0.043173535183627654
fhwg4lyo,3,0.01990901122751365
fhwg4lyo,4,0.04352226720647767
fhwg4lyo,5,0.014378763672114991
fhwg4lyo,6,0.0384897360703812
fnqg33tk,1,0.011435502035865852
fnqg33tk,2,0.04048582995951411
fnqg33tk,3,-0.021731273154423025
fnqg33tk,4,0.028846153846153744
fnqg33tk,5,-0.030701754385964897
fnqg33tk,6,0.0035637918745545782
fo2t0ykg,1,0.03980435149266315
fo2t0ykg,2,0.028068739770867435
fo2t0ykg,3,0.061123396727111756
fo2t0ykg,4,0.023802527181898236
fo2t0ykg,5,-0.014324836738992985
fo2t0ykg,6,-0.026607628874355083
foy52cb4,1,0.04448808812227811
foy52cb4,2,-0.008862105636299189
foy52cb4,3,0.022930431403031526
foy52cb4,4,0.022482131254061177
foy52cb4,5,-0.005833333333333246
foy52cb4,6,-0.02991380767280738
ftd9rnvm,1,0.03738317757009346
ftd9rnvm,2,0.05154639175257736
ftd9rnvm,3,0.04612800413472318
ftd9rnvm,4,4.072987943959383e-5
ftd9rnvm,5,-0.031620553359683834
ftd9rnvm,6,0.026909508573303653
g59wh51e,1,0.03654768680380516
g59wh51e,2,0.03491376035255678
g59wh51e,3,0.08011204481792711
g59wh51e,4,0.048181889578261194
g59wh51e,5,-0.055102040816326636
g59wh51e,6,0.07109496626881151
g6fwz6fr,1,0.018425718911417754
g6fwz6fr,2,0.03825920612147293
g6fwz6fr,3,0.0745963050863232
g6fwz6fr,4,-0.05292682926829262
g6fwz6fr,5,0.015627728304522304
g6fwz6fr,6,0.0011904761904762973
g6u6toqw,1,0.10145278450363204
g6u6toqw,2,0.02374768089053847
g6u6toqw,3,0.13495440729483277
g6u6toqw,4,0.1271449646711702
g6u6toqw,5,-0.02671241801676605
g6u6toqw,6,0.02934517589689989
g79gm5hl,1,-0.09863945578231326
g79gm5hl,2,0.01789896286383419
g79gm5hl,3,0.014073590601288988
g79gm5hl,4,-0.0344626168224299
g79gm5hl,5,0.047131147540983576
g79gm5hl,6,-0.03089430894308942
ga9uahma,1,-0.0017073811400053485
ga9uahma,2,0.010639233271784065
ga9uahma,3,-0.011946768827502785
ga9uahma,4,0.009615384615384581
ga9uahma,5,-0.004255319148936176
ga9uahma,6,0.006573257221933915
ggyyoznf,1,-0.002635542168674787
ggyyoznf,2,-0.016362715298885222
ggyyoznf,3,-0.011344884488448836
ggyyoznf,4,0.014512471655328874
ggyyoznf,5,0.037425265936796404
ggyyoznf,6,-0.02319902319902356
ghfmfp6u,1,-0.01154214758948291
ghfmfp6u,2,0.060502092050209066
ghfmfp6u,3,-0.009580786404820851
ghfmfp6u,4,0.060718502276943975
ghfmfp6u,5,0.0014151706291440913
ghfmfp6u,6,0.029213915049010164
gmohu013,1,0.0886243386243386
gmohu013,2,-0.038794726930320156
gmohu013,3,-0.039751652959200245
gmohu013,4,0.018880997748137784
gmohu013,5,-0.030797822912518202
gmohu013,6,0.01650782845473109
gszsrlmk,1,-0.01193767829712522
gszsrlmk,2,-0.021004098360655754
gszsrlmk,3,-0.004930507026943087
gszsrlmk,4,0.01804657453193026
gszsrlmk,5,0.010526315789473717
gszsrlmk,6,0.009352787130564866
h2fr0kzy,1,-0.016401422954502864
h2fr0kzy,2,0.07031857031857047
h2fr0kzy,3,0.055299352750808994
h2fr0kzy,4,0.022030569549995604
h2fr0kzy,5,-0.013095238095238049
h2fr0kzy,6,0.02821853588171641
h46neot4,1,-0.02593634605240025
h46neot4,2,-0.05360493165371216
h46neot4,3,0.051530612244897966
h46neot4,4,0.051403765011360125
h46neot4,5,-0.039501220788280444
h46neot4,6,0.03988360150633341
h6f38bwq,1,0.03728150592837065
h6f38bwq,2,0.030208834989711497
h6f38bwq,3,0.060869565217391175
h6f38bwq,4,0.09187620889748538
h6f38bwq,5,-0.02361445783132521
h6f38bwq,6,0.03406611847625429
haqli8xf,1,0.008880750743877397
haqli8xf,2,0.025160440307705367
haqli8xf,3,0.08853932584269664
haqli8xf,4,0.025320745582183335
haqli8xf,5,-0.022675736961451087
haqli8xf,6,0.04706242885911904
hdbjnl2c,1,0.059789473684210503
hdbjnl2c,2,0.007524985302763132
hdbjnl2c,3,0.012552117621242087
hdbjnl2c,4,0.09121851599727715
hdbjnl2c,5,-0.012199921290830473
hdbjnl2c,6,1.2428021044774695e-4
he7sr8mk,1,0.03991222622448565
he7sr8mk,2,0.004827235772357663
he7sr8mk,3,0.020414937759336005
he7sr8mk,4,-0.016530612244897935
he7sr8mk,5,0.011021804870284813
he7sr8mk,6,-0.013847034140759162
hegg4ro3,1,0.014991580071466726
hegg4ro3,2,0.0756066945606696
hegg4ro3,3,0.04604448520981419
hegg4ro3,4,0.009584937954642658
hegg4ro3,5,-0.00557979526766228
hegg4ro3,6,0.04852459016393462
hgkrglvb,1,0.01027956989247314
hgkrglvb,2,0.012590799031476863
hgkrglvb,3,0.012226292919826132
hgkrglvb,4,0.015507475160182027
hgkrglvb,5,0.0017050671096926484
hgkrglvb,6,0.08442622950819678
hgvrtubi,1,0.02782701169797952
hgvrtubi,2,-0.0012971370332622856
hgvrtubi,3,0.04684420637728015
hgvrtubi,4,0.07356110983719333
hgvrtubi,5,0.02601525458668308
hgvrtubi,6,0.06389539422326307
hi6zokfx,1,0.053804347826086896
hi6zokfx,2,0.003831417624520883
hi6zokfx,3,0.12704101951413782
hi6zokfx,4,0.06747649554871471
hi6zokfx,5,0.0014880952380952328
hi6zokfx,6,0.014243820695433618
hifa1lt0,1,0.04705882352941182
hifa1lt0,2,-0.008620689655172487
hifa1lt0,3,0.13833746898263033
hifa1lt0,4,0.0322967018864696
hifa1lt0,5,-4.068017248393119e-5
hifa1lt0,6,0.04704618689581097
hiz600nj,1,-0.05856537530266348
hiz600nj,2,0.012392454021627697
hiz600nj,3,0.04278052805280519
hiz600nj,4,-0.0015778109948514363
hiz600nj,5,0.06876456876456882
hiz600nj,6,0.011912087912087865
hprh5n1p,1,0.025551684088269577
hprh5n1p,2,-0.01300197498354172
hprh5n1p,3,-0.035567313345091
hprh5n1p,4,-0.021505376344086002
hprh5n1p,5,-0.024229868492163686
hprh5n1p,6,0.01911111111111119
hy7g3uyh,1,0.02179717075114551
hy7g3uyh,2,0.01208695652173919
hy7g3uyh,3,0.02626467731967863
hy7g3uyh,4,-0.010564225690276152
hy7g3uyh,5,0.010952380952380936
hy7g3uyh,6,-0.023680864589955553
hz8tf3vd,1,0.012605042016806789
hz8tf3vd,2,0.02599373873446531
hz8tf3vd,3,-0.008843358725155515
hz8tf3vd,4,0.04919855461873435
hz8tf3vd,5,-0.009876543209876631
hz8tf3vd,6,-0.022545454545454535
i0g6t95m,1,-0.030420168067226916
i0g6t95m,2,0.00651162790697668
i0g6t95m,3,-0.0175864160097029
i0g6t95m,4,-0.03252032520325199
i0g6t95m,5,0.016851889270559806
i0g6t95m,6,0.0315018315018315
i7buva8v,1,0.02921129503407993
i7buva8v,2,0.00974658869395717
i7buva8v,3,0.020517395182872433
i7buva8v,4,0.0248320961470484
i7buva8v,5,0.038235555951215194
i7buva8v,6,0.019748069890288544
i8qv8im9,1,0.04206631953959983
i8qv8im9,2,-0.044292295338320464
i8qv8im9,3,0.03816237238697129
i8qv8im9,4,-0.014553362328537989
i8qv8im9,5,-0.021919684904529557
i8qv8im9,6,-0.009261113336003213
ignzshk6,1,-0.012499999999999956
ignzshk6,2,0.024824374457336762
ignzshk6,3,0.04217687074829923
ignzshk6,4,0.09038662486938343
ignzshk6,5,0.028041056999344782
ignzshk6,6,0.07904987721229573
iufx87jk,1,0.011223344556677839
iufx87jk,2,0.04257703081232511
iufx87jk,3,0.001984126984127088
iufx87jk,4,0.04651353568498773
iufx87jk,5,0.015594541910331383
iufx87jk,6,0.026678008042066215
jscgnhdg,1,0.004519124111581174
jscgnhdg,2,0.05088414072573222
jscgnhdg,3,0.00261584454409558
jscgnhdg,4,-0.02539602715614775
jscgnhdg,5,4.14027242992554e-4
jscgnhdg,6,0.02761949984172174
juxni43e,1,0.061309523809524036
juxni43e,2,-0.02064718666988652
juxni43e,3,0.008243727598566397
juxni43e,4,0.0393162393162394
juxni43e,5,0.053221288515406195
juxni43e,6,0.0834036568213784
jwgxbjzf,1,0.06373983739837397
jwgxbjzf,2,0.062274038266238785
jwgxbjzf,3,0.011693761968789462
jwgxbjzf,4,-0.05087459965508756
jwgxbjzf,5,-0.0030162320911220064
jwgxbjzf,6,-0.04814293258229185
k1haxar6,1,0.04706790123456783
k1haxar6,2,-0.020909090909090877
k1haxar6,3,0.09871369294605814
k1haxar6,4,0.062403340550572284
k1haxar6,5,0.019262761579546428
k1haxar6,6,0.054249547920434016
kaj4d6us,1,0.018958760962866084
kaj4d6us,2,0.024134790528233085
kaj4d6us,3,0.021520618556700954
kaj4d6us,4,0.03812407795636297
kaj4d6us,5,0.02386288180610885
kaj4d6us,6,0.07220986281053032
kfigyu57,1,-0.055197912135711236
kfigyu57,2,0.05808477237048659
kfigyu57,3,0.009066837840006392
kfigyu57,4,-0.0023628691983121897
kfigyu57,5,0.08491508491508493
kfigyu57,6,0.01779279279279289
kkyl1756,1,0.005126385109822995
kkyl1756,2,0
kkyl1756,3,-0.004098360655737654
kkyl1756,4,0.03303905831995724
kkyl1756,5,0.01632653061224487
kkyl1756,6,0.01665103189493433
klijsnkr,1,-0.03773418168964304
klijsnkr,2,0.040083682008368315
klijsnkr,3,-0.05254374887245172
klijsnkr,4,0.0393833398108564
klijsnkr,5,-0.00558384704726167
klijsnkr,6,-0.012905517404688482
knznxrg2,1,0.0083396833460333
knznxrg2,2,0.024318960851524407
knznxrg2,3,0.015787252005065477
knznxrg2,4,0.04744623655913982
knznxrg2,5,0.014959349593495874
knznxrg2,6,-0.0011659541391371153
kv027ctc,1,0.007906938234807148
kv027ctc,2,-0.01586383541270764
kv027ctc,3,0.001435325903411
kv027ctc,4,0.042486085343228286
kv027ctc,5,-0.025495049504950296
kv027ctc,6,0.03516613256872969
l75tdx7z,1,0.08038849117687297
l75tdx7z,2,-0.05283687943262416
l75tdx7z,3,-0.00619834710743794
l75tdx7z,4,0.036730945821854766
l75tdx7z,5,0.016474895397489586
l75tdx7z,6,-0.027159244264507443
ldmmwz4f,1,-0.03782051282051291
ldmmwz4f,2,1.5789058182680282e-4
ldmmwz4f,3,-0.061115114393802794
ldmmwz4f,4,-0.01291228706052927
ldmmwz4f,5,-0.013576978908718229
ldmmwz4f,6,0.09102437091341398
llsj1iws,1,0.021516393442622905
llsj1iws,2,0.046295582453164674
llsj1iws,3,0.06982872200263501
llsj1iws,4,-0.02327337330668444
llsj1iws,5,0.014021571648690223
llsj1iws,6,0.050066755674232244
ln7kg8ue,1,0.016012558869701765
ln7kg8ue,2,-0.009565217391304448
ln7kg8ue,3,0.057449494949494806
ln7kg8ue,4,0.06147393108425048
ln7kg8ue,5,-0.05879224286064966
ln7kg8ue,6,0.09998379517096101
lv8ld5wh,1,0.05367242970034902
lv8ld5wh,2,-0.005336227558449758
lv8ld5wh,3,0.0699180544541369
lv8ld5wh,4,0.07292982139635573
lv8ld5wh,5,-0.01922587216704863
lv8ld5wh,6,-0.003942652329748997
lykz1rsu,1,-0.012125468164793984
lykz1rsu,2,0.008321612751992502
lykz1rsu,3,-0.011173425366695411
lykz1rsu,4,0.005539727761950108
lykz1rsu,5,-1.280081925243426e-4
lykz1rsu,6,0.03707818930041151
mee14g6o,1,0.04283801874163329
mee14g6o,2,0.03411727243779272
mee14g6o,3,0.07659313725490202
mee14g6o,4,0.03376906318082773
mee14g6o,5,-0.028660159716060396
mee14g6o,6,0.047450980392156894
megc4lwa,1,0.01933404940923744
megc4lwa,2,0.01788617886178856
megc4lwa,3,0.039271255060728705
megc4lwa,4,-0.015146115466856735
megc4lwa,5,0.02921330475510031
megc4lwa,6,0.013165266106442641
mei70uns,1,-0.019097846498062232
mei70uns,2,-0.03005390312948386
mei70uns,3,-0.03989385227775322
mei70uns,4,0.01654940837863772
mei70uns,5,-0.005907012195121908
mei70uns,6,-0.01238286479250339
merxonq0,1,-0.0029720626114524418
merxonq0,2,0.06675644478645626
merxonq0,3,0.012360688956433608
merxonq0,4,-0.004817342432757998
merxonq0,5,0.00750423626240615
merxonq0,6,0.05213114754098358
msc1rxqn,1,0.017754972300426886
msc1rxqn,2,0.03141762452107266
msc1rxqn,3,-0.009527698380291327
msc1rxqn,4,-0.001077930373682423
msc1rxqn,5,-0.006940427993059606
msc1rxqn,6,0.019954022988505904
mtlahwgq,1,0.010648148148148073
mtlahwgq,2,0.05008241409915071
mtlahwgq,3,0.020199480345318932
mtlahwgq,4,0.03143604546274581
mtlahwgq,5,-0.023505976095617553
mtlahwgq,6,0.07841672890216589
n29bvgfq,1,0.052498618457408996
n29bvgfq,2,-0.017580055877928102
n29bvgfq,3,0.035557184750733106
n29bvgfq,4,-0.020716685330347095
n29bvgfq,5,-0.023809523809523725
n29bvgfq,6,0.027629449838187603
n5zkdivb,1,-0.07542517006802718
n5zkdivb,2,0.05141129032258063
n5zkdivb,3,0.10959939531368101
n5zkdivb,4,0.0447154471544714
n5zkdivb,5,0.037863070539419175
n5zkdivb,6,0.06563216708144248
n98bw1w1,1,-0.029000000000000026
n98bw1w1,2,-0.022562158747348904
n98bw1w1,3,-0.004747845515480353
n98bw1w1,4,-0.003803596127247455
n98bw1w1,5,0.026826115061409195
n98bw1w1,6,-0.0015964240102172012
ndrjpwzk,1,0.055970616469802725
ndrjpwzk,2,0.037791164658634635
ndrjpwzk,3,0.018795855079040802
ndrjpwzk,4,0.008025956284152924
ndrjpwzk,5,-0.0708333333333333
ndrjpwzk,6,0.022086824067022004
nj1xo326,1,0.029544449358690716
nj1xo326,2,0.0031746031746031633
nj1xo326,3,-0.026097606934237794
nj1xo326,4,0.0052536231884056095
nj1xo326,5,-0.049116279069767455
nj1xo326,6,-0.012280481160149237
noei6ysf,1,0.011814809726610753
noei6ysf,2,0.06870799103808822
noei6ysf,3,0.033374587458745886
noei6ysf,4,0.03977272727272729
noei6ysf,5,-0.021084606450460064
noei6ysf,6,0.01697478991596635
nw012b80,1,-0.0013428633311675098
nw012b80,2,0.017854897522947333
nw012b80,3,0.0181736392262708
nw012b80,4,0.04130822918357413
nw012b80,5,0.0016588091496420043
nw012b80,6,0.03597977995837043
o0rf6ttx,1,-0.05290456431535273
o0rf6ttx,2,0.010962783171520885
o0rf6ttx,3,0.017719568567026278
o0rf6ttx,4,0.004054292261589931
o0rf6ttx,5,0.06352880658436211
o0rf6ttx,6,-0.02543528845382348
o0s5d3oa,1,0.030861124937779927
o0s5d3oa,2,0.008537229361027854
o0s5d3oa,3,0.01021105699393321
o0s5d3oa,4,0.09212501103557869
o0s5d3oa,5,-0.004333922410165836
o0s5d3oa,6,0.044154965318896955
o164htod,1,-0.059244992295839904
o164htod,2,-0.03730583142347843
o164htod,3,0.056634746922024526
o164htod,4,0.010382451768792156
o164htod,5,0.06434474616292796
o164htod,6,0.11395588538445689
o7t1h1uu,1,0.042220759271450414
o7t1h1uu,2,0.06853343562204317
o7t1h1uu,3,0.011630003606202588
o7t1h1uu,4,0.06656504065040636
o7t1h1uu,5,-0.02516181229773451
o7t1h1uu,6,0.028355678841115672
oc4nj0mw,1,0.004379079567049526
oc4nj0mw,2,0.045554428668018954
oc4nj0mw,3,0.021486381003245514
oc4nj0mw,4,0.0010946907498632363
oc4nj0mw,5,0.06016528925619824
oc4nj0mw,6,0.06515151515151518
og139wwb,1,0.01594202898550723
og139wwb,2,-0.02329192546583847
og139wwb,3,0.01763085399449038
og139wwb,4,0.0800756620428752
og139wwb,5,-0.009348255431204655
og139wwb,6,0.045617251615156285
oj7dfs8q,1,0.03664555579820927
oj7dfs8q,2,0.01937816909712664
oj7dfs8q,3,-0.01039363113666536
oj7dfs8q,4,0.011626468769325937
oj7dfs8q,5,-0.01726409522511474
oj7dfs8q,6,0.05471989592649795
ojgtxh4b,1,0.017615176151761558
ojgtxh4b,2,0.016780045351473927
ojgtxh4b,3,-0.03637894363700811
ojgtxh4b,4,0.10412516600265609
ojgtxh4b,5,0.015090665693075489
ojgtxh4b,6,0.023484848484848553
op2f5tbq,1,0.06729527253939549
op2f5tbq,2,-0.006887052341597699
op2f5tbq,3,0.023416666666666752
op2f5tbq,4,-0.012885154061624715
op2f5tbq,5,-0.021341463414634054
op2f5tbq,6,0.03534003648551176
opoeebkv,1,-0.029325513196480912
opoeebkv,2,-0.03275319773537433
opoeebkv,3,0.03984819734345357
opoeebkv,4,0.06569691706469816
opoeebkv,5,0.02541016406562613
opoeebkv,6,0.021810699588477367
orpo5v41,1,0.015885416666666763
orpo5v41,2,-0.003871128871128726
orpo5v41,3,0.08389112003569821
orpo5v41,4,0.06515957446808507
orpo5v41,5,0.012096774193548376
orpo5v41,6,0.009836306246788551
ou69io2m,1,0.00840015273004957
ou69io2m,2,0.02962869834883919
ou69io2m,3,0.029391424619640283
ou69io2m,4,-0.021540708287696164
ou69io2m,5,-0.014459400781589249
ou69io2m,6,0.013846292621324086
ov0ykrcj,1,-9.312494938861215e-4
ov0ykrcj,2,0.006975122064636352
ov0ykrcj,3,0.01953336950623985
ov0ykrcj,4,0.10341963173196767
ov0ykrcj,5,0.04381188118811896
ov0ykrcj,6,0.06847697756788673
ov6zilsh,1,0.05299403712102135
ov6zilsh,2,0.08455433455433459
ov6zilsh,3,0.08525816694941057
ov6zilsh,4,0.12807752750130952
ov6zilsh,5,0.026999688764394514
ov6zilsh,6,0.1482597623089983
ow986b5y,1,0.009524967574578436
ow986b5y,2,-0.007770211279902184
ow986b5y,3,0.01303339517625235
ow986b5y,4,-0.015312027063117739
ow986b5y,5,0.015833333333333144
ow986b5y,6,-0.052631578947368585
oy96qcal,1,-0.027555893664680364
oy96qcal,2,0.023070097604259043
oy96qcal,3,0.031736689605215584
oy96qcal,4,0.010736842105263267
oy96qcal,5,0.0036165613568339694
oy96qcal,6,-0.007673477073722013
p7r46bu5,1,0.027836134453781636
p7r46bu5,2,0.061333681325851486
p7r46bu5,3,0.09859663372591487
p7r46bu5,4,-0.0014692378328741151
p7r46bu5,5,0.0801312089971884
p7r46bu5,6,0.03098995695839324
p82edp2y,1,-0.02604802604802603
p82edp2y,2,0.01628099173553732
p82edp2y,3,0.045198943511970735
p82edp2y,4,0.04504468560485153
p82edp2y,5,0.023179380729977495
p82edp2y,6,0.011786892975011787
pc2f0ui6,1,0.015536723163841581
pc2f0ui6,2,0.06885602435841665
pc2f0ui6,3,0.003542510121457454
pc2f0ui6,4,0.010209042294603732
pc2f0ui6,5,0.05245734657499379
pc2f0ui6,6,0.06648674120721432
pc4rm08d,1,0.003302845528455167
pc4rm08d,2,0.058506224066389945
pc4rm08d,3,0.012269664926604973
pc4rm08d,4,0.0019719814305082517
pc4rm08d,5,0.0782484777820962
pc4rm08d,6,0.06788025889967653
pft5n8y6,1,0.009562841530054711
pft5n8y6,2,-0.02301100526338684
pft5n8y6,3,0.03166594171378867
pft5n8y6,4,0.09353017802865826
pft5n8y6,5,-0.01600873203565567
pft5n8y6,6,0.047446406052963463
pl9my9hx,1,-0.019210869663022323
pl9my9hx,2,-0.02163654618473887
pl9my9hx,3,-0.04428299602144958
pl9my9hx,4,0.02665338645418358
pl9my9hx,5,0.060212514757969404
pl9my9hx,6,-0.013930722891566494
pozsjx4f,1,0.04202881295392302
pozsjx4f,2,0.09795918367346923
pozsjx4f,3,0.03001876172607887
pozsjx4f,4,-0.04309232393540052
pozsjx4f,5,-0.01544640098856942
pozsjx4f,6,0.014583333333333282
pp56h32v,1,0.008454872120059242
pp56h32v,2,-0.006431308155446125
pp56h32v,3,0.09038798819352356
pp56h32v,4,-0.010528040637417635
pp56h32v,5,-0.018472211018794704
pp56h32v,6,0.024097433666811607
przvqjfv,1,-0.013744160977362418
przvqjfv,2,-0.08469401300942514
przvqjfv,3,0.03205182487932934
przvqjfv,4,0.0483209433478593
przvqjfv,5,0.050765306122448894
przvqjfv,6,0.018851521390986004
pw6hk232,1,0.05788005578800548
pw6hk232,2,-0.04006996989667233
pw6hk232,3,0.05432098765432103
pw6hk232,4,-0.03793657165796871
pw6hk232,5,0.014285714285714346
pw6hk232,6,0.02918547173866326
q2og7bcw,1,0.024485391766268294
q2og7bcw,2,0.005825161344397034
q2og7bcw,3,0.03653932584269659
q2og7bcw,4,0.11219381369569092
q2og7bcw,5,-0.021978494623655864
q2og7bcw,6,0.06150600454397914
qbftx87x,1,-0.07620135432813901
qbftx87x,2,0.03123456790123469
qbftx87x,3,0.03302562470157566
qbftx87x,4,-0.03741083009079116
qbftx87x,5,0.028373839162220915
qbftx87x,6,-0.036904761904761774
qh2z8vvu,1,0.03103764921946739
qh2z8vvu,2,0.030967352915841073
qh2z8vvu,3,-0.04234081944779822
qh2z8vvu,4,0.0374009380559599
qh2z8vvu,5,-0.014945816379970278
qh2z8vvu,6,0.018938371569950374
qkicgoft,1,0.024524256231573283
qkicgoft,2,0.043217286914765896
qkicgoft,3,0.07539919733583811
qkicgoft,4,0.017439703153988906
qkicgoft,5,-0.00734618916437102
qkicgoft,6,0.059482329517172805
qqwe9imb,1,-0.01761956130888165
qqwe9imb,2,-0.013789540613574958
qqwe9imb,3,0.03027210884353737
qqwe9imb,4,0.007637853949329476
qqwe9imb,5,0.014538395168248508
qqwe9imb,6,0.056417858388559505
qraan3df,1,0.024836601307189565
qraan3df,2,0.009321175278622196
qraan3df,3,0.023020408163265227
qraan3df,4,0.01057692307692315
qraan3df,5,0.029579472558802666
qraan3df,6,-0.01579301075268813
qt76109e,1,0.04566720490208254
qt76109e,2,-0.04497051461541701
qt76109e,3,0.08416389811738678
qt76109e,4,0.018759018759018642
qt76109e,5,-0.0481937809068812
qt76109e,6,0.059951716738197325
qtl2vxy4,1,0.019758412424503713
qtl2vxy4,2,0.01088879814890431
qtl2vxy4,3,0.05018472906403948
qtl2vxy4,4,0.10988304845135588
qtl2vxy4,5,0.011946902654867197
qtl2vxy4,6,-4.213913576464057e-4
qw0603kl,1,0.02512097622554177
qw0603kl,2,0.03521583901330749
qw0603kl,3,0.04994240579233189
qw0603kl,4,0.0032407407407407662
qw0603kl,5,0.020504854368932013
qw0603kl,6,-0.0427275898151378
qyefhmeo,1,0.004310518470773017
qyefhmeo,2,0.05915283432508611
qyefhmeo,3,0.09858754769055922
qyefhmeo,4,0.10054907343857244
qyefhmeo,5,-0.03874610591900318
qyefhmeo,6,0.01709103592605521
r0jqeaev,1,0.010023224544676745
r0jqeaev,2,0.029787234042553234
r0jqeaev,3,-0.00940040650406504
r0jqeaev,4,0.012707722385141729
r0jqeaev,5,-0.04121715076071919
r0jqeaev,6,0.027489930786376293
r1rsvgco,1,0.0023515579071134995
r1rsvgco,2,0.007282581082225348
r1rsvgco,3,0.051764512550840025
r1rsvgco,4,0.01432164881531972
r1rsvgco,5,0.018654732364409732
r1rsvgco,6,0.011592645195961704
r84jyjzi,1,0.02469387755102037
r84jyjzi,2,-0.010080645161290258
r84jyjzi,3,0.02636075176958752
r84jyjzi,4,-0.01330248698669756
r84jyjzi,5,0.002954474237879867
r84jyjzi,6,0.07048192771084327
r9pl56hp,1,0.03227091633466128
r9pl56hp,2,0.07037815126050417
r9pl56hp,3,0.11381001254418988
r9pl56hp,4,0.05167173252279622
r9pl56hp,5,-0.007634470792365566
r9pl56hp,6,0.034625255557005574
rwtn9oet,1,0.06712953453021642
rwtn9oet,2,-0.049383301707779714
rwtn9oet,3,-0.0015873015873014706
rwtn9oet,4,0.013413014608233742
rwtn9oet,5,-0.02290644057712332
rwtn9oet,6,3.949837069220363e-4
s6ye1o1i,1,0.034584897788902724
s6ye1o1i,2,-0.022605463347164623
s6ye1o1i,3,-0.030163934426229444
s6ye1o1i,4,0.06018119068162209
s6ye1o1i,5,0.012329134280353982
s6ye1o1i,6,0.04329004329004327
sckw9xi2,1,0.0018007202881152873
sckw9xi2,2,0.02706993728665552
sckw9xi2,3,0.0030909451159104595
sckw9xi2,4,-0.012295081967213184
sckw9xi2,5,-0.019484781360242787
sckw9xi2,6,-0.016528925619834656
si7hbkx8,1,-0.014103202256512293
si7hbkx8,2,-0.0052373007044864694
si7hbkx8,3,-0.0047000791102423944
si7hbkx8,4,0.014138576779026302
si7hbkx8,5,-0.009029927760577872
si7hbkx8,6,-0.004608294930875667
sjmltdl9,1,0.041515261627906974
sjmltdl9,2,0.06605710020526212
sjmltdl9,3,-0.0021703743895822303
sjmltdl9,4,0.007453073242546848
sjmltdl9,5,-0.012495568947181845
sjmltdl9,6,0.030797101449275388
sjp7cniy,1,-0.03026077781127534
sjp7cniy,2,0.12233549582947156
sjp7cniy,3,0.0224014336917564
sjp7cniy,4,0.010143606108958259
sjp7cniy,5,0.005785123966942196
sjp7cniy,6,0.021735617323852652
sl71orxp,1,0.022349365278026223
sl71orxp,2,0.010556383507203226
sl71orxp,3,-0.009509335649153128
sl71orxp,4,0.015893415584971926
sl71orxp,5,-0.03646941961118211
sl71orxp,6,0.05667329027984769
sm7365pn,1,-0.010037348272642355
sm7365pn,2,0.008163265306122436
sm7365pn,3,0.03627450980392144
sm7365pn,4,0.016583139795461
sm7365pn,5,-0.02083333333333337
sm7365pn,6,-0.032749999999999946
t4wh6a8a,1,0.03326885880077379
t4wh6a8a,2,0.007221855397820942
t4wh6a8a,3,0.0013297872340425343
t4wh6a8a,4,0.0025117485010532903
t4wh6a8a,5,0.029004962981043048
t4wh6a8a,6,0.012396694214875992
tcvcarp3,1,0.014440993788819911
tcvcarp3,2,0.020935960591132896
tcvcarp3,3,-0.025030353974035524
tcvcarp3,4,0.03633130081300806
tcvcarp3,5,-0.0459090909090909
tcvcarp3,6,0.04991371299615033
td18pjfx,1,-0.024176954732510136
td18pjfx,2,0.008302044221943916
td18pjfx,3,0.003972653362897205
td18pjfx,4,0.05096042391124356
td18pjfx,5,0.03679896462467647
td18pjfx,6,-0.011427392739273845
teq2jd9p,1,0.05438297872340425
teq2jd9p,2,0.038370720188901974
teq2jd9p,3,0.043495505023796954
teq2jd9p,4,0.0027659039476992664
teq2jd9p,5,0.01764584621727483
teq2jd9p,6,0.020698177324683265
tjix77rv,1,0.07521037868162705
tjix77rv,2,0.042583333333333306
tjix77rv,3,-0.003718086424853384
tjix77rv,4,-0.03537414965986396
tjix77rv,5,0.04386724386724383
tjix77rv,6,0.051644212661161815
tkc3bql3,1,0.046658986175115214
tkc3bql3,2,0.01175395063340734
tkc3bql3,3,0.04506799227640601
tkc3bql3,4,-0.006666666666666599
tkc3bql3,5,0.03675198893116571
tkc3bql3,6,0.04704301075268824
tlv2ma31,1,0.06716997411561698
tlv2ma31,2,-0.03503401360544223
tlv2ma31,3,0.029166666666666563
tlv2ma31,4,0.06634332236272311
tlv2ma31,5,-0.0622633744855966
tlv2ma31,6,-0.03744680851063842
tngsmbfb,1,0.024354622246782864
tngsmbfb,2,-0.04277430865298848
tngsmbfb,3,0.027007138126425745
tngsmbfb,4,0.030995934959349714
tngsmbfb,5,0.003127057274522782
tngsmbfb,6,0.0535074784074151
twjbvnlp,1,0.010330578512396604
twjbvnlp,2,0.0793711170280208
twjbvnlp,3,0.02091938707528307
twjbvnlp,4,0.05965084829112366
twjbvnlp,5,0.00911458333333326
twjbvnlp,6,0.05730396013637562
txj3817a,1,0.04047619047619044
txj3817a,2,0.006675854940132564
txj3817a,3,0.06512714063310854
txj3817a,4,-0.03677685950413223
txj3817a,5,0.027450980392156876
txj3817a,6,0.021423384168482107
u2woyp9g,1,-0.03340835870956338
u2woyp9g,2,0.07791473024853501
u2woyp9g,3,0.03504347826086962
u2woyp9g,4,0.04412830735773832
u2woyp9g,5,0.07565254599914395
u2woyp9g,6,0.03886058360352007
u32swc61,1,-0.02614432989690718
u32swc61,2,0.07677836566725471
u32swc61,3,0.050883838383838476
u32swc61,4,-0.02200952513062382
u32swc61,5,0.012500000000000178
u32swc61,6,0.020598523124757073
u8ofwyp7,1,-0.003684598378776771
u8ofwyp7,2,-0.02426554130822911
u8ofwyp7,3,0.002924343067218116
u8ofwyp7,4,0.012233169129720833
u8ofwyp7,5,-0.0409756097560976
u8ofwyp7,6,-7.911392405064444e-4
u958vef7,1,-0.007765087262995185
u958vef7,2,0.007644511391451614
u958vef7,3,0.038395316804407664
u958vef7,4,0.12833099579242635
u958vef7,5,-0.005847953216374213
u958vef7,6,0.03205128205128216
ud3qt2ba,1,0.024387328153018584
ud3qt2ba,2,0.006262882511495205
ud3qt2ba,3,-0.0028919904438576838
ud3qt2ba,4,-5.495666878038152e-4
ud3qt2ba,5,0.04628611009249062
ud3qt2ba,6,-0.008597552654323826
un3gjc1s,1,0.038464702978443066
un3gjc1s,2,0.10279569892473128
un3gjc1s,3,0.10014144271570002
un3gjc1s,4,0.06712983065566647
un3gjc1s,5,0.02665728580362725
un3gjc1s,6,0.04929971988795512
usnnjdm9,1,0.0255968496185085
usnnjdm9,2,-0.03513328776486668
usnnjdm9,3,0.04206144128624756
usnnjdm9,4,0.013494345409238995
usnnjdm9,5,0.003867039657725835
usnnjdm9,6,-0.012308774397749245
ut85pm0q,1,-9.182736455463081e-4
ut85pm0q,2,0.014339260808926224
ut85pm0q,3,-0.010840465218345363
ut85pm0q,4,0.024312896405919604
ut85pm0q,5,-0.014372978799856329
ut85pm0q,6,0.016326366881944665
uuurrbbj,1,0.05837359098228667
uuurrbbj,2,0.03602524163271836
uuurrbbj,3,-0.01120270555907843
uuurrbbj,4,0.04228053707709267
uuurrbbj,5,-0.022945314998400912
uuurrbbj,6,0.013955242645209975
uzghar5a,1,0.03632361034672549
uzghar5a,2,0.11973383573175134
uzghar5a,3,0.02435343069266538
uzghar5a,4,0.007945564430919982
uzghar5a,5,6.410256410255277e-4
uzghar5a,6,-0.011822660098522175
v6fn4eru,1,0.02345537757437066
v6fn4eru,2,-0.009314929291218577
v6fn4eru,3,-0.015571755165422974
v6fn4eru,4,0.01004709576138163
v6fn4eru,5,0.03243243243243232
v6fn4eru,6,-0.018034934497816568
v7zfve4a,1,0.017116682738669176
v7zfve4a,2,-0.007288813987781806
v7zfve4a,3,0.11184762544051008
v7zfve4a,4,0.05129221499920722
v7zfve4a,5,-0.02442105263157901
v7zfve4a,6,0.018328020863517702
vduxnyfy,1,-0.017091836734693833
vduxnyfy,2,0.030612244897959218
vduxnyfy,3,0.07127583749109068
vduxnyfy,4,0.09209770114942528
vduxnyfy,5,-0.0028673835125448965
vduxnyfy,6,0.05106463161861707
vl6m2tlj,1,0.03552875695732838
vl6m2tlj,2,0.0011312217194570096
vl6m2tlj,3,-0.006916329284750278
vl6m2tlj,4,-0.005621064198469972
vl6m2tlj,5,-0.037540453074433766
vl6m2tlj,6,0.08637809698255083
vrydb0xr,1,-0.010452552458502962
vrydb0xr,2,0.050099700897308086
vrydb0xr,3,-0.02188593279635509
vrydb0xr,4,0.006422924901185678
vrydb0xr,5,-0.007031014105163158
vrydb0xr,6,0.10425489009881028
vs7415pm,1,0.04671717171717171
vs7415pm,2,-0.051186350306584805
vs7415pm,3,0.03039849439489395
vs7415pm,4,0.057480419487588086
vs7415pm,5,-0.02448979591836742
vs7415pm,6,0.04534412955465572
vz5xf26j,1,0.0020408163265306367
vz5xf26j,2,0.10240963855421692
vz5xf26j,3,0.01255780408128615
vz5xf26j,4,0.07094151586677166
vz5xf26j,5,0.002152080344332785
vz5xf26j,6,0.13912487439481125
w6fxd0ct,1,-0.003979559535115196
w6fxd0ct,2,0.031702607016414586
w6fxd0ct,3,0.0019513781608260228
w6fxd0ct,4,0.024419398907103762
w6fxd0ct,5,0.05327413984461726
w6fxd0ct,6,0.038048552754435194
weakyj8i,1,0.014400921658986099
weakyj8i,2,0.039800152426115676
weakyj8i,3,0.028694211916379442
weakyj8i,4,0.038223140495867725
weakyj8i,5,0.05034013605442178
weakyj8i,6,0.07298536798427602
wl1d54gn,1,0.033259328836136914
wl1d54gn,2,0.016086434573829522
wl1d54gn,3,0.07210401891252949
wl1d54gn,4,-0.006841189496994637
wl1d54gn,5,0.038758958883440164
wl1d54gn,6,0.02253557127034167
x0p6rm1y,1,0.06513605442176873
x0p6rm1y,2,0.010418604651162844
x0p6rm1y,3,0.006191140565050657
x0p6rm1y,4,0.08857509627727866
x0p6rm1y,5,-0.001061993893535007
x0p6rm1y,6,0.031132452981192382
x0xukvie,1,0.030628672623359998
x0xukvie,2,-0.011404133998574428
x0xukvie,3,0.014342690596717333
x0xukvie,4,0.07204081632653059
x0xukvie,5,0.07672905880791192
x0xukvie,6,0.0710709025878391
x3yr520m,1,-0.0217687074829932
x3yr520m,2,-0.030287452341172916
x3yr520m,3,0.0952400679398483
x3yr520m,4,0.0695262125035041
x3yr520m,5,0.07046186895810935
x3yr520m,6,-0.003189227498228142
x7813yq0,1,-0.004009163802978222
x7813yq0,2,-0.02597402597402587
x7813yq0,3,-0.015039942874994439
x7813yq0,4,0.012507310928150495
x7813yq0,5,-0.04101110323647528
x7813yq0,6,0.02407754846779242
xivwne6i,1,0.014692378328741929
xivwne6i,2,0.04698500153045615
xivwne6i,3,0.008078043612607
xivwne6i,4,-0.0027694101642211644
xivwne6i,5,0.023677814097728733
xivwne6i,6,0.009429824561403621
xmklclsz,1,-0.012902681733850452
xmklclsz,2,0.03861683848797237
xmklclsz,3,-0.018789491187229834
xmklclsz,4,0.03788271925272446
xmklclsz,5,-0.003912908724624242
xmklclsz,6,0.02430555555555547
xroufr90,1,0.0035348837209302486
xroufr90,2,0.046732555167419254
xroufr90,3,0.05169222633527237
xroufr90,4,0.0685680129792503
xroufr90,5,-0.021833429728166598
xroufr90,6,-0.034720999823974585
xuhuv8lc,1,0.03458498023715395
xuhuv8lc,2,0.060245310245310324
xuhuv8lc,3,0.030599196200219225
xuhuv8lc,4,0.05590062111801242
xuhuv8lc,5,0.08131557707828907
xuhuv8lc,6,0.028564968344890085
y0w9ndc3,1,0.02857142857142858
y0w9ndc3,2,0.10479430592237782
y0w9ndc3,3,-0.0013005537841919157
y0w9ndc3,4,0.13499459189616436
y0w9ndc3,5,-0.016484493024082503
y0w9ndc3,6,0.0038979447200567785
y4t0c0hk,1,0.019890535309037505
y4t0c0hk,2,0.021865766146053178
y4t0c0hk,3,-0.019348728125563763
y4t0c0hk,4,0.03749999999999998
y4t0c0hk,5,0.07103144967222641
y4t0c0hk,6,-0.04752257212067812
yc475tvl,1,0.024379432624113573
yc475tvl,2,0.03845660264362416
yc475tvl,3,-0.023088084670536024
yc475tvl,4,0.03095611285266464
yc475tvl,5,0.045385067607289886
yc475tvl,6,0.00501010101010102
yozvkl9c,1,0.06042020096567924
yozvkl9c,2,-0.01571428571428557
yozvkl9c,3,0.019607843137254943
yozvkl9c,4,-0.015151515151515138
yozvkl9c,5,0.006163126147390563
yozvkl9c,6,0.07316082382093692
yq8ep1z3,1,-0.013027618551328835
yq8ep1z3,2,0.06815335514887089
yq8ep1z3,3,0.05627380000940241
yq8ep1z3,4,0.04620276842499027
yq8ep1z3,5,-0.005992184107685539
yq8ep1z3,6,-0.011478420569329684
yrsr94ov,1,-0.049562957713205846
yrsr94ov,2,0.017049553825707275
yrsr94ov,3,-0.002759292322675022
yrsr94ov,4,0.12149416728716789
yrsr94ov,5,-0.052827004219409224
yrsr94ov,6,0.08018673056267045
ywgayqt6,1,0.04127953841584997
ywgayqt6,2,0.058651026392961936
ywgayqt6,3,0.036808080808080734
ywgayqt6,4,0.05219780219780212
ywgayqt6,5,0.019379844961240345
ywgayqt6,6,0.00491518051326667
yyfbdu0b,1,0.009664948453608213
yyfbdu0b,2,0.03350401695064886
yyfbdu0b,3,0.005494505494505586
yyfbdu0b,4,-0.026135758469542525
yyfbdu0b,5,0.04984731031242651
yyfbdu0b,6,0.11824571011318008
yz3rkgxg,1,0.04840103716508204
yz3rkgxg,2,0.04435483870967771
yz3rkgxg,3,0.05277172597434043
yz3rkgxg,4,0.014507422402159076
yz3rkgxg,5,-0.011695447409733162
yz3rkgxg,6,0.026619055348157783
z0qweezh,1,-0.05507911029580359
z0qweezh,2,0.0161689556052379
z0qweezh,3,0.02078154924412212
z0qweezh,4,0.020098039215686314
z0qweezh,5,-0.004445606694560622
z0qweezh,6,0.10327288810260937
z3zuaqyi,1,0.008171396048459179
z3zuaqyi,2,-0.018403283463524378
z3zuaqyi,3,0.026488329399423027
z3zuaqyi,4,0.056862745098039125
z3zuaqyi,5,-0.010699588477366295
z3zuaqyi,6,0.025245098039215708
z7bic0rf,1,0.010333546121927828
z7bic0rf,2,0.046328169822145715
z7bic0rf,3,0.08882611424984299
z7bic0rf,4,0.020460358056266115
z7bic0rf,5,-0.014707746925320175
z7bic0rf,6,0.0483516483516484
za9gkd6c,1,-0.03481315873522839
za9gkd6c,2,0.005376344086021501
za9gkd6c,3,0.09480723839496452
za9gkd6c,4,0.040566959921798595
za9gkd6c,5,0.02297854785478548
za9gkd6c,6,0.056422569027611114
zc2uy687,1,-0.04906449830267623
zc2uy687,2,0.020531400966183444
zc2uy687,3,0.036426116838487954
zc2uy687,4,0.04304483996638908
zc2uy687,5,-0.001302904215525702
zc2uy687,6,0.003889241175227154
ze5i9tkz,1,0.021062975305477294
ze5i9tkz,2,0.046422424391443284
ze5i9tkz,3,0.11530864197530866
ze5i9tkz,4,0.06820717131474097
ze5i9tkz,5,0.06939123031077066
ze5i9tkz,6,0.05611002921129504
zgi28emw,1,-0.009411764705882342
zgi28emw,2,2.0639834881319707e-4
zgi28emw,3,0.007479674796748048
zgi28emw,4,0.029843893480257067
zgi28emw,5,0.061000000000000054
zgi28emw,6,0.021338383838383823
zmlkdgl5,1,0.009141349827178513
zmlkdgl5,2,0.05224171539961009
zmlkdgl5,3,0.058999821077115766
zmlkdgl5,4,0.00799777176508032
zmlkdgl5,5,0.05892002734107993
zmlkdgl5,6,0.06009957325746795
zn7thjg0,1,0.014200092208390913
zn7thjg0,2,-0.01946721311475419
zn7thjg0,3,0.0037735849056604875
zn7thjg0,4,0.013572607260726177
zn7thjg0,5,-0.006273755552502647
zn7thjg0,6,0.030106257378984647
zqa7txui,1,0.04168927473322481
zqa7txui,2,-0.006774257820282958
zqa7txui,3,0.0701981479637559
zqa7txui,4,-0.007474429583005593
zqa7txui,5,-0.00980042765502498
zqa7txui,6,0.05173289030412109
zrfresc1,1,0.025654269972451682
zrfresc1,2,-0.028246942341293102
zrfresc1,3,-0.006216006216006265
zrfresc1,4,0.11942257217847774
zrfresc1,5,-0.04971943103223275
zrfresc1,6,0.023010244286840176
zrn2grix,1,-0.002635542168674787
zrn2grix,2,0.04080027957365018
zrn2grix,3,0.03460830264479409
zrn2grix,4,0.052045050385299385
zrn2grix,5,-0.03022222222222226
zrn2grix,6,0.07792606227949073
zshuyb8c,1,0.017673301304049427
zshuyb8c,2,0.009845834952714183
zshuyb8c,3,0.03169198533263484
zshuyb8c,4,0.0173684210526317
zshuyb8c,5,-0.025633383010432165
zshuyb8c,6,-0.014843320505772417
zxd44db3,1,0.06125907990314783
zxd44db3,2,0.023189522342064617
zxd44db3,3,0.02957446808510633
zxd44db3,4,0.01423324150596883
zxd44db3,5,-0.0502545646067416
zxd44db3,6,0.008761449621664696
zy448n7y,1,0.03948576675849402
zy448n7y,2,0.04631327953044739
zy448n7y,3,0.014412416851441456
zy448n7y,4,0.09930685150626495
zy448n7y,5,-0.04122038299253483
zy448n7y,6,0.07366255144032907
